team,playerName,TargetType_descr,FP_yards,FP_TD,FP_receiving,FP_total,Player,RouteType,Routes Run,FP/routes
PHI,A.J. Brown,Comeback,1.6,0,2,3.6,A.J. Brown,Comeback,3.0,1.2
PHI,A.J. Brown,Curl,15.400000000000002,6,13,34.4,A.J. Brown,Curl,44.0,0.7818181818181817
PHI,A.J. Brown,Dig,14.0,0,9,23.0,A.J. Brown,Dig,36.0,0.6388888888888888
PHI,A.J. Brown,Out,15.3,6,9,30.3,A.J. Brown,Out,35.0,0.8657142857142858
PHI,A.J. Brown,Post,7.1,12,4,23.1,A.J. Brown,Post,20.0,1.155
PHI,A.J. Brown,Slant,9.9,0,8,17.900000000000002,A.J. Brown,Slant,30.0,0.5966666666666668
ARI,A.J. Green,Comeback,2.5,0,2,4.5,A.J. Green,Comeback,8.0,0.5625
ARI,A.J. Green,Corner,3.4000000000000004,0,1,4.4,A.J. Green,Corner,19.0,0.23157894736842108
ARI,A.J. Green,Curl,21.400000000000002,0,18,39.4,A.J. Green,Curl,112.0,0.35178571428571426
ARI,A.J. Green,Dig,3.2,0,2,5.2,A.J. Green,Dig,37.0,0.14054054054054055
ARI,A.J. Green,Out,3.2,0,4,7.199999999999999,A.J. Green,Out,27.0,0.26666666666666666
ARI,A.J. Green,Post,9.0,0,3,12.0,A.J. Green,Post,29.0,0.41379310344827586
ARI,A.J. Green,Slant,7.700000000000001,0,6,13.7,A.J. Green,Slant,36.0,0.38055555555555554
GB,Aaron Jones,Dig,0.0,0,0,0.0,Aaron Jones,Dig,5.0,0.0
GB,Aaron Jones,Slant,2.6,0,2,4.6000000000000005,Aaron Jones,Slant,5.0,0.9200000000000002
MIA,Adam Shaheen,Corner,0.0,0,0,0.0,Adam Shaheen,Corner,9.0,0.0
MIA,Adam Shaheen,Curl,1.2000000000000002,0,2,3.2,Adam Shaheen,Curl,27.0,0.11851851851851852
MIA,Adam Shaheen,Out,2.9000000000000004,0,3,5.9,Adam Shaheen,Out,20.0,0.29500000000000004
MIN,Adam Thielen,Comeback,3.4000000000000004,6,3,12.4,Adam Thielen,Comeback,15.0,0.8266666666666667
MIN,Adam Thielen,Corner,1.8,0,1,2.8,Adam Thielen,Corner,22.0,0.12727272727272726
MIN,Adam Thielen,Curl,8.4,0,8,16.4,Adam Thielen,Curl,62.0,0.264516129032258
MIN,Adam Thielen,Dig,11.000000000000002,0,8,19.0,Adam Thielen,Dig,47.0,0.40425531914893614
MIN,Adam Thielen,Out,8.6,12,9,29.599999999999998,Adam Thielen,Out,49.0,0.6040816326530611
MIN,Adam Thielen,Post,8.100000000000001,12,5,25.1,Adam Thielen,Post,21.0,1.1952380952380952
MIN,Adam Thielen,Slant,5.1000000000000005,6,5,16.1,Adam Thielen,Slant,32.0,0.503125
NO,Adam Trautman,Corner,1.7000000000000002,0,1,2.7,Adam Trautman,Corner,18.0,0.15000000000000002
NO,Adam Trautman,Curl,2.8,0,4,6.8,Adam Trautman,Curl,34.0,0.19999999999999998
NO,Adam Trautman,Dig,2.1,0,2,4.1,Adam Trautman,Dig,17.0,0.24117647058823527
NO,Adam Trautman,Slant,0.0,0,0,0.0,Adam Trautman,Slant,4.0,0.0
DEN,Albert Okwuegbunam,Corner,0.0,0,0,0.0,Albert Okwuegbunam,Corner,13.0,0.0
DEN,Albert Okwuegbunam,Curl,3.4000000000000004,0,3,6.3999999999999995,Albert Okwuegbunam,Curl,26.0,0.24615384615384614
DEN,Albert Okwuegbunam,Post,0.0,0,0,0.0,Albert Okwuegbunam,Post,2.0,0.0
MIN,Albert Wilson,Curl,5.0,0,6,11.0,Albert Wilson,Curl,29.0,0.3793103448275862
MIN,Albert Wilson,Out,1.5,0,2,3.5,Albert Wilson,Out,14.0,0.25
MIN,Albert Wilson,Slant,1.2000000000000002,0,2,3.2,Albert Wilson,Slant,14.0,0.2285714285714286
MIA,Alec Ingold,Corner,0.0,0,0,0.0,Alec Ingold,Corner,1.0,0.0
MIN,Alexander Mattison,Curl,2.1,0,4,6.1,Alexander Mattison,Curl,27.0,0.22592592592592592
MIN,Alexander Mattison,Dig,1.3000000000000003,0,2,3.3000000000000003,Alexander Mattison,Dig,9.0,0.3666666666666667
GB,Allen Lazard,Corner,2.0,6,1,9.0,Allen Lazard,Corner,18.0,0.5
GB,Allen Lazard,Dig,5.4,0,3,8.399999999999999,Allen Lazard,Dig,42.0,0.19999999999999996
GB,Allen Lazard,Out,7.1,6,9,22.1,Allen Lazard,Out,47.0,0.4702127659574468
GB,Allen Lazard,Post,3.1000000000000005,0,2,5.1000000000000005,Allen Lazard,Post,21.0,0.24285714285714288
GB,Allen Lazard,Slant,4.0,6,4,14.0,Allen Lazard,Slant,39.0,0.358974358974359
NO,Alvin Kamara,Curl,7.400000000000002,6,11,24.400000000000002,Alvin Kamara,Curl,48.0,0.5083333333333334
NO,Alvin Kamara,Out,4.7,0,9,13.7,Alvin Kamara,Out,27.0,0.5074074074074074
NO,Alvin Kamara,Slant,1.4000000000000001,0,1,2.4000000000000004,Alvin Kamara,Slant,6.0,0.4000000000000001
CLE,Amari Cooper,Comeback,4.300000000000001,6,4,14.3,Amari Cooper,Comeback,8.0,1.7875
CLE,Amari Cooper,Corner,3.9000000000000004,6,2,11.899999999999999,Amari Cooper,Corner,21.0,0.5666666666666667
CLE,Amari Cooper,Curl,12.299999999999999,0,14,26.3,Amari Cooper,Curl,75.0,0.3506666666666667
CLE,Amari Cooper,Dig,4.800000000000001,0,4,8.8,Amari Cooper,Dig,39.0,0.22564102564102567
CLE,Amari Cooper,Out,8.4,6,11,25.400000000000002,Amari Cooper,Out,46.0,0.5521739130434783
CLE,Amari Cooper,Post,8.700000000000001,6,3,17.700000000000003,Amari Cooper,Post,37.0,0.47837837837837843
CLE,Amari Cooper,Slant,14.3,6,14,34.3,Amari Cooper,Slant,46.0,0.7456521739130434
GB,Amari Rodgers,Slant,0.0,0,0,0.0,Amari Rodgers,Slant,3.0,0.0
DET,Amon-Ra St. Brown,Corner,0.0,0,0,0.0,Amon-Ra St. Brown,Corner,8.0,0.0
DET,Amon-Ra St. Brown,Curl,14.999999999999998,24,19,58.00000000000001,Amon-Ra St. Brown,Curl,85.0,0.6823529411764707
DET,Amon-Ra St. Brown,Dig,6.6,0,2,8.6,Amon-Ra St. Brown,Dig,32.0,0.26875
DET,Amon-Ra St. Brown,Out,21.900000000000002,0,23,44.9,Amon-Ra St. Brown,Out,63.0,0.7126984126984127
DET,Amon-Ra St. Brown,Slant,4.6,0,4,8.6,Amon-Ra St. Brown,Slant,17.0,0.5058823529411764
HOU,Andy Janovich,Dig,0.0,0,0,0.0,Andy Janovich,Dig,1.0,0.0
ATL,Anthony Firkser,Corner,1.5,6,1,8.5,Anthony Firkser,Corner,12.0,0.7083333333333334
ATL,Anthony Firkser,Curl,5.6,0,7,12.6,Anthony Firkser,Curl,48.0,0.2625
ATL,Anthony Firkser,Out,2.5,0,3,5.5,Anthony Firkser,Out,22.0,0.25
ATL,Anthony Firkser,Slant,2.6000000000000005,0,2,4.6000000000000005,Anthony Firkser,Slant,17.0,0.2705882352941177
CLE,Anthony Schwartz,Comeback,1.3,0,1,2.3,Anthony Schwartz,Comeback,3.0,0.7666666666666666
CLE,Anthony Schwartz,Corner,4.4,0,1,5.4,Anthony Schwartz,Corner,10.0,0.54
CLE,Anthony Schwartz,Dig,3.1,0,2,5.1,Anthony Schwartz,Dig,12.0,0.425
CLE,Anthony Schwartz,Out,1.2000000000000002,0,2,3.2,Anthony Schwartz,Out,18.0,0.17777777777777778
CLE,Anthony Schwartz,Post,0.0,0,0,0.0,Anthony Schwartz,Post,15.0,0.0
CLE,Anthony Schwartz,Slant,0.0,0,0,0.0,Anthony Schwartz,Slant,12.0,0.0
ARI,Antoine Wesley,Corner,0.0,0,0,0.0,Antoine Wesley,Corner,10.0,0.0
ARI,Antoine Wesley,Curl,6.9,0,8,14.9,Antoine Wesley,Curl,70.0,0.21285714285714286
ARI,Antoine Wesley,Slant,1.3000000000000003,0,2,3.3000000000000003,Antoine Wesley,Slant,17.0,0.19411764705882353
WAS,Antonio Gibson,Curl,2.3000000000000003,0,4,6.299999999999999,Antonio Gibson,Curl,29.0,0.2172413793103448
WAS,Antonio Gibson,Slant,1.4000000000000001,0,2,3.4000000000000004,Antonio Gibson,Slant,3.0,1.1333333333333335
IND,Ashton Dulin,Corner,0.0,0,0,0.0,Ashton Dulin,Corner,10.0,0.0
IND,Ashton Dulin,Dig,2.3000000000000003,0,1,3.3000000000000003,Ashton Dulin,Dig,7.0,0.4714285714285715
IND,Ashton Dulin,Post,7.9,6,2,15.899999999999999,Ashton Dulin,Post,12.0,1.325
ATL,Auden Tate,Slant,3.2,0,2,5.2,Auden Tate,Slant,5.0,1.04
LAC,Austin Ekeler,Curl,7.700000000000001,12,9,28.7,Austin Ekeler,Curl,43.0,0.6674418604651162
LAC,Austin Ekeler,Dig,5.7,0,2,7.7,Austin Ekeler,Dig,20.0,0.385
LAC,Austin Ekeler,Out,3.7,0,8,11.7,Austin Ekeler,Out,35.0,0.33428571428571424
TEN,Austin Hooper,Corner,0.0,0,0,0.0,Austin Hooper,Corner,15.0,0.0
TEN,Austin Hooper,Curl,0.9,0,2,2.9,Austin Hooper,Curl,44.0,0.0659090909090909
TEN,Austin Hooper,Dig,2.7,0,3,5.7,Austin Hooper,Dig,13.0,0.43846153846153846
TEN,Austin Hooper,Out,6.1000000000000005,0,10,16.099999999999998,Austin Hooper,Out,55.0,0.29272727272727267
TEN,Austin Hooper,Slant,6.5,0,6,12.5,Austin Hooper,Slant,10.0,1.25
LAR,Ben Skowronek,Comeback,0.0,0,0,0.0,Ben Skowronek,Comeback,2.0,0.0
LAR,Ben Skowronek,Dig,1.1,0,1,2.1,Ben Skowronek,Dig,11.0,0.19090909090909092
LAR,Ben Skowronek,Post,1.5,0,1,2.5,Ben Skowronek,Post,7.0,0.35714285714285715
KC,Blake Bell,Dig,1.1,0,1,2.1,Blake Bell,Dig,3.0,0.7000000000000001
HOU,Brandin Cooks,Comeback,1.3,0,2,3.3,Brandin Cooks,Comeback,9.0,0.36666666666666664
HOU,Brandin Cooks,Corner,11.4,0,4,15.4,Brandin Cooks,Corner,35.0,0.44
HOU,Brandin Cooks,Curl,17.6,0,21,38.60000000000001,Brandin Cooks,Curl,69.0,0.5594202898550726
HOU,Brandin Cooks,Dig,6.800000000000001,0,4,10.8,Brandin Cooks,Dig,40.0,0.27
HOU,Brandin Cooks,Out,11.400000000000002,0,12,23.4,Brandin Cooks,Out,63.0,0.3714285714285714
HOU,Brandin Cooks,Post,1.4000000000000001,0,1,2.4000000000000004,Brandin Cooks,Post,20.0,0.12000000000000002
HOU,Brandin Cooks,Slant,9.7,12,10,31.7,Brandin Cooks,Slant,32.0,0.990625
SF,Brandon Aiyuk,Comeback,0.0,0,0,0.0,Brandon Aiyuk,Comeback,8.0,0.0
SF,Brandon Aiyuk,Corner,1.8,0,1,2.8,Brandon Aiyuk,Corner,19.0,0.14736842105263157
SF,Brandon Aiyuk,Curl,12.0,6,10,28.0,Brandon Aiyuk,Curl,48.0,0.5833333333333334
SF,Brandon Aiyuk,Dig,13.5,6,6,25.500000000000004,Brandon Aiyuk,Dig,64.0,0.39843750000000006
SF,Brandon Aiyuk,Out,4.4,0,3,7.4,Brandon Aiyuk,Out,54.0,0.13703703703703704
SF,Brandon Aiyuk,Post,7.600000000000001,6,4,17.6,Brandon Aiyuk,Post,30.0,0.5866666666666667
SF,Brandon Aiyuk,Slant,26.700000000000003,0,18,44.699999999999996,Brandon Aiyuk,Slant,43.0,1.0395348837209302
LV,Brandon Bolden,Curl,1.7000000000000002,0,3,4.699999999999999,Brandon Bolden,Curl,32.0,0.14687499999999998
LV,Brandon Bolden,Out,4.800000000000001,0,3,7.800000000000001,Brandon Bolden,Out,23.0,0.33913043478260874
CAR,Brandon Zylstra,Dig,1.4000000000000001,0,2,3.4000000000000004,Brandon Zylstra,Dig,24.0,0.1416666666666667
CAR,Brandon Zylstra,Post,2.4000000000000004,0,1,3.4000000000000004,Brandon Zylstra,Post,13.0,0.26153846153846155
CAR,Brandon Zylstra,Slant,2.1,0,2,4.1,Brandon Zylstra,Slant,13.0,0.3153846153846154
NYJ,Braxton Berrios,Corner,2.7,0,1,3.7,Braxton Berrios,Corner,3.0,1.2333333333333334
NYJ,Braxton Berrios,Curl,7.900000000000001,0,5,12.9,Braxton Berrios,Curl,32.0,0.403125
NYJ,Braxton Berrios,Dig,3.3000000000000003,0,3,6.3,Braxton Berrios,Dig,18.0,0.35
NYJ,Braxton Berrios,Out,6.500000000000002,12,9,27.5,Braxton Berrios,Out,33.0,0.8333333333333334
NYJ,Braxton Berrios,Post,2.5,0,1,3.5,Braxton Berrios,Post,10.0,0.35
NYJ,Braxton Berrios,Slant,3.4000000000000004,0,3,6.4,Braxton Berrios,Slant,10.0,0.64
TB,Breshad Perriman,Comeback,0.0,0,0,0.0,Breshad Perriman,Comeback,2.0,0.0
TB,Breshad Perriman,Post,0.0,0,0,0.0,Breshad Perriman,Post,9.0,0.0
HOU,Brevin Jordan,Dig,1.2000000000000002,0,1,2.2,Brevin Jordan,Dig,6.0,0.3666666666666667
HOU,Brevin Jordan,Out,4.4,0,3,7.4,Brevin Jordan,Out,23.0,0.32173913043478264
HOU,Brevin Jordan,Post,2.3000000000000003,0,1,3.3000000000000003,Brevin Jordan,Post,2.0,1.6500000000000001
ATL,Bryan Edwards,Comeback,0.0,0,0,0.0,Bryan Edwards,Comeback,15.0,0.0
ATL,Bryan Edwards,Corner,3.2,0,1,4.2,Bryan Edwards,Corner,41.0,0.10243902439024391
ATL,Bryan Edwards,Curl,5.200000000000001,0,6,11.200000000000001,Bryan Edwards,Curl,59.0,0.18983050847457628
ATL,Bryan Edwards,Dig,10.4,0,7,17.400000000000002,Bryan Edwards,Dig,76.0,0.22894736842105265
ATL,Bryan Edwards,Out,3.8000000000000003,0,3,6.800000000000001,Bryan Edwards,Out,34.0,0.2
ATL,Bryan Edwards,Post,7.9,6,3,16.9,Bryan Edwards,Post,30.0,0.5633333333333332
ATL,Bryan Edwards,Slant,1.5,6,2,9.5,Bryan Edwards,Slant,27.0,0.35185185185185186
CHI,Byron Pringle,Corner,6.4,0,2,8.4,Byron Pringle,Corner,22.0,0.38181818181818183
CHI,Byron Pringle,Curl,11.100000000000001,6,11,28.1,Byron Pringle,Curl,63.0,0.44603174603174606
CHI,Byron Pringle,Dig,5.800000000000001,0,5,10.8,Byron Pringle,Dig,35.0,0.3085714285714286
CHI,Byron Pringle,Out,3.3000000000000003,0,3,6.299999999999999,Byron Pringle,Out,21.0,0.29999999999999993
CHI,Byron Pringle,Post,4.4,0,2,6.4,Byron Pringle,Post,22.0,0.29090909090909095
CHI,Byron Pringle,Slant,3.7000000000000006,18,5,26.7,Byron Pringle,Slant,20.0,1.335
NYG,C.J. Board,Dig,0.0,0,0,0.0,C.J. Board,Dig,7.0,0.0
NYG,C.J. Board,Post,0.0,0,0,0.0,C.J. Board,Post,2.0,0.0
MIN,C.J. Ham,Dig,0.9,0,1,1.9,C.J. Ham,Dig,2.0,0.95
NYJ,C.J. Uzomah,Corner,0.0,0,0,0.0,C.J. Uzomah,Corner,25.0,0.0
NYJ,C.J. Uzomah,Curl,11.4,6,17,34.4,C.J. Uzomah,Curl,103.0,0.3339805825242718
NYJ,C.J. Uzomah,Out,2.6000000000000005,0,4,6.6000000000000005,C.J. Uzomah,Out,33.0,0.2
NYJ,C.J. Uzomah,Slant,0.0,0,0,0.0,C.J. Uzomah,Slant,14.0,0.0
WAS,Cam Sims,Corner,1.9000000000000001,0,1,2.9000000000000004,Cam Sims,Corner,4.0,0.7250000000000001
WAS,Cam Sims,Dig,6.1,0,4,10.1,Cam Sims,Dig,25.0,0.40399999999999997
WAS,Cam Sims,Post,0.0,0,0,0.0,Cam Sims,Post,13.0,0.0
TB,Cameron Brate,Corner,0.0,0,0,0.0,Cameron Brate,Corner,11.0,0.0
TB,Cameron Brate,Curl,2.6,0,4,6.6,Cameron Brate,Curl,36.0,0.18333333333333332
TB,Cameron Brate,Dig,3.1,0,3,6.1,Cameron Brate,Dig,25.0,0.244
TB,Cameron Brate,Out,5.9,0,8,13.899999999999999,Cameron Brate,Out,55.0,0.2527272727272727
TB,Cameron Brate,Post,1.2000000000000002,0,1,2.2,Cameron Brate,Post,24.0,0.09166666666666667
TB,Cameron Brate,Slant,3.7,6,4,13.700000000000001,Cameron Brate,Slant,17.0,0.8058823529411765
DAL,CeeDee Lamb,Comeback,0.0,0,0,0.0,CeeDee Lamb,Comeback,8.0,0.0
DAL,CeeDee Lamb,Corner,2.2,12,2,16.200000000000003,CeeDee Lamb,Corner,28.0,0.5785714285714286
DAL,CeeDee Lamb,Curl,25.700000000000006,0,22,47.70000000000001,CeeDee Lamb,Curl,87.0,0.5482758620689656
DAL,CeeDee Lamb,Dig,18.300000000000004,0,10,28.300000000000004,CeeDee Lamb,Dig,43.0,0.658139534883721
DAL,CeeDee Lamb,Out,11.400000000000002,0,10,21.4,CeeDee Lamb,Out,40.0,0.5349999999999999
DAL,CeeDee Lamb,Post,9.5,0,3,12.5,CeeDee Lamb,Post,31.0,0.4032258064516129
DAL,CeeDee Lamb,Slant,5.5,0,5,10.5,CeeDee Lamb,Slant,30.0,0.35
SF,Charlie Woerner,Corner,2.7,0,1,3.7,Charlie Woerner,Corner,3.0,1.2333333333333334
SF,Charlie Woerner,Slant,1.1,0,1,2.1,Charlie Woerner,Slant,1.0,2.1
PIT,Chase Claypool,Comeback,3.3000000000000003,0,2,5.300000000000001,Chase Claypool,Comeback,4.0,1.3250000000000002
PIT,Chase Claypool,Curl,6.200000000000001,0,8,14.200000000000001,Chase Claypool,Curl,55.0,0.2581818181818182
PIT,Chase Claypool,Out,10.600000000000001,0,10,20.6,Chase Claypool,Out,67.0,0.3074626865671642
PIT,Chase Claypool,Post,0.0,0,0,0.0,Chase Claypool,Post,12.0,0.0
PIT,Chase Claypool,Slant,16.200000000000003,6,12,34.2,Chase Claypool,Slant,55.0,0.6218181818181818
MIA,Chase Edmonds,Curl,1.7000000000000002,0,4,5.7,Chase Edmonds,Curl,37.0,0.15405405405405406
MIA,Chase Edmonds,Out,4.2,0,3,7.2,Chase Edmonds,Out,13.0,0.5538461538461539
MIA,Chase Edmonds,Slant,0.4,0,1,1.4,Chase Edmonds,Slant,2.0,0.7
HOU,Chris Conley,Comeback,0.0,0,0,0.0,Chris Conley,Comeback,2.0,0.0
HOU,Chris Conley,Corner,4.0,0,1,5.0,Chris Conley,Corner,23.0,0.21739130434782608
HOU,Chris Conley,Out,3.4000000000000004,0,4,7.4,Chris Conley,Out,19.0,0.38947368421052636
HOU,Chris Conley,Slant,8.700000000000001,0,6,14.7,Chris Conley,Slant,15.0,0.98
TB,Chris Godwin,Comeback,0.8,0,1,1.8,Chris Godwin,Comeback,1.0,1.8
TB,Chris Godwin,Corner,1.2000000000000002,6,1,8.2,Chris Godwin,Corner,7.0,1.1714285714285713
TB,Chris Godwin,Curl,10.8,0,12,22.799999999999997,Chris Godwin,Curl,60.0,0.37999999999999995
TB,Chris Godwin,Dig,12.0,0,10,22.000000000000004,Chris Godwin,Dig,71.0,0.3098591549295775
TB,Chris Godwin,Out,7.4,0,7,14.4,Chris Godwin,Out,50.0,0.28800000000000003
TB,Chris Godwin,Post,2.6,0,1,3.6,Chris Godwin,Post,41.0,0.0878048780487805
TB,Chris Godwin,Slant,11.9,12,8,31.9,Chris Godwin,Slant,32.0,0.996875
ARI,Christian Blake,Corner,0.0,0,0,0.0,Christian Blake,Corner,4.0,0.0
ARI,Christian Blake,Out,1.4000000000000001,0,2,3.4000000000000004,Christian Blake,Out,6.0,0.5666666666666668
JAX,Christian Kirk,Comeback,0.8,0,1,1.8,Christian Kirk,Comeback,6.0,0.3
JAX,Christian Kirk,Corner,16.400000000000002,12,5,33.4,Christian Kirk,Corner,41.0,0.8146341463414634
JAX,Christian Kirk,Curl,11.100000000000001,6,15,32.1,Christian Kirk,Curl,85.0,0.37764705882352945
JAX,Christian Kirk,Dig,3.8,0,4,7.800000000000001,Christian Kirk,Dig,43.0,0.1813953488372093
JAX,Christian Kirk,Out,13.1,0,13,26.1,Christian Kirk,Out,52.0,0.5019230769230769
JAX,Christian Kirk,Post,6.1,6,2,14.1,Christian Kirk,Post,29.0,0.4862068965517241
JAX,Christian Kirk,Slant,7.3,0,6,13.3,Christian Kirk,Slant,23.0,0.5782608695652174
CAR,Christian McCaffrey,Dig,3.7,0,4,7.700000000000001,Christian McCaffrey,Dig,5.0,1.5400000000000003
CAR,Christian McCaffrey,Out,4.5,0,5,9.5,Christian McCaffrey,Out,7.0,1.3571428571428572
CAR,Chuba Hubbard,Curl,6.0,0,5,11.0,Chuba Hubbard,Curl,26.0,0.4230769230769231
CAR,Chuba Hubbard,Dig,0.8,0,1,1.8,Chuba Hubbard,Dig,2.0,0.9
TEN,Cody Hollister,Dig,1.4000000000000001,0,1,2.4000000000000004,Cody Hollister,Dig,5.0,0.4800000000000001
CHI,Cole Kmet,Corner,2.5,0,1,3.5,Cole Kmet,Corner,17.0,0.20588235294117646
CHI,Cole Kmet,Curl,10.600000000000001,0,9,19.6,Cole Kmet,Curl,88.0,0.22272727272727275
CHI,Cole Kmet,Dig,4.9,0,4,8.9,Cole Kmet,Dig,23.0,0.3869565217391305
CHI,Cole Kmet,Out,8.700000000000001,0,9,17.7,Cole Kmet,Out,38.0,0.46578947368421053
CHI,Cole Kmet,Post,2.4000000000000004,0,1,3.4000000000000004,Cole Kmet,Post,14.0,0.24285714285714288
CHI,Cole Kmet,Slant,1.6,0,2,3.6,Cole Kmet,Slant,19.0,0.18947368421052632
NYG,Collin Johnson,Curl,6.200000000000001,0,7,13.2,Collin Johnson,Curl,29.0,0.4551724137931034
NYG,Collin Johnson,Dig,0.7000000000000001,0,1,1.7000000000000002,Collin Johnson,Dig,13.0,0.13076923076923078
NYG,Collin Johnson,Out,1.1,0,1,2.1,Collin Johnson,Out,9.0,0.23333333333333334
LAR,Cooper Kupp,Corner,18.6,18,8,44.6,Cooper Kupp,Corner,31.0,1.4387096774193548
LAR,Cooper Kupp,Curl,20.500000000000004,6,25,51.5,Cooper Kupp,Curl,106.0,0.4858490566037736
LAR,Cooper Kupp,Dig,5.700000000000001,0,5,10.700000000000001,Cooper Kupp,Dig,52.0,0.2057692307692308
LAR,Cooper Kupp,Out,45.5,24,43,112.5,Cooper Kupp,Out,84.0,1.3392857142857142
LAR,Cooper Kupp,Post,24.000000000000004,24,8,56.0,Cooper Kupp,Post,27.0,2.074074074074074
LAR,Cooper Kupp,Slant,14.600000000000001,12,7,33.6,Cooper Kupp,Slant,29.0,1.1586206896551725
ATL,Cordarrelle Patterson,Curl,7.9,6,8,21.9,Cordarrelle Patterson,Curl,37.0,0.5918918918918918
ATL,Cordarrelle Patterson,Post,5.5,6,2,13.5,Cordarrelle Patterson,Post,5.0,2.7
ATL,Cordarrelle Patterson,Slant,1.8,0,1,2.8,Cordarrelle Patterson,Slant,13.0,0.21538461538461537
NYJ,Corey Davis,Comeback,0.0,0,0,0.0,Corey Davis,Comeback,4.0,0.0
NYJ,Corey Davis,Corner,0.30000000000000004,6,1,7.3,Corey Davis,Corner,10.0,0.73
NYJ,Corey Davis,Curl,5.800000000000001,0,7,12.8,Corey Davis,Curl,31.0,0.4129032258064516
NYJ,Corey Davis,Dig,10.700000000000001,0,5,15.7,Corey Davis,Dig,59.0,0.2661016949152542
NYJ,Corey Davis,Out,11.700000000000001,6,8,25.699999999999996,Corey Davis,Out,28.0,0.9178571428571427
NYJ,Corey Davis,Post,1.7000000000000002,0,1,2.7,Corey Davis,Post,11.0,0.24545454545454548
NYJ,Corey Davis,Slant,5.7,0,5,10.7,Corey Davis,Slant,16.0,0.66875
DEN,Courtland Sutton,Comeback,2.2,0,2,4.199999999999999,Courtland Sutton,Comeback,4.0,1.0499999999999998
DEN,Courtland Sutton,Corner,6.9,0,2,8.9,Courtland Sutton,Corner,14.0,0.6357142857142858
DEN,Courtland Sutton,Curl,17.8,0,20,37.8,Courtland Sutton,Curl,111.0,0.3405405405405405
DEN,Courtland Sutton,Dig,7.699999999999999,6,5,18.7,Courtland Sutton,Dig,88.0,0.2125
DEN,Courtland Sutton,Out,2.4000000000000004,0,2,4.4,Courtland Sutton,Out,23.0,0.19130434782608696
DEN,Courtland Sutton,Post,6.9,0,2,8.9,Courtland Sutton,Post,26.0,0.3423076923076923
DEN,Courtland Sutton,Slant,9.9,0,11,20.9,Courtland Sutton,Slant,32.0,0.653125
DET,D'Andre Swift,Curl,3.8000000000000003,0,4,7.800000000000001,D'Andre Swift,Curl,27.0,0.2888888888888889
DET,D'Andre Swift,Dig,1.5,0,2,3.5,D'Andre Swift,Dig,7.0,0.5
DET,D'Andre Swift,Out,1.4000000000000001,0,3,4.3999999999999995,D'Andre Swift,Out,9.0,0.4888888888888888
DET,D'Andre Swift,Post,0.0,0,0,0.0,D'Andre Swift,Post,2.0,0.0
CLE,D'Ernest Johnson,Out,2.6,0,2,4.6,D'Ernest Johnson,Out,10.0,0.45999999999999996
NYJ,D.J. Montgomery,Dig,1.4000000000000001,0,1,2.4000000000000004,D.J. Montgomery,Dig,10.0,0.24000000000000005
CAR,DJ Moore,Comeback,3.6,0,3,6.6,DJ Moore,Comeback,20.0,0.32999999999999996
CAR,DJ Moore,Corner,2.6,0,1,3.6,DJ Moore,Corner,26.0,0.13846153846153847
CAR,DJ Moore,Curl,13.4,0,13,26.399999999999995,DJ Moore,Curl,72.0,0.3666666666666666
CAR,DJ Moore,Dig,14.5,0,8,22.5,DJ Moore,Dig,71.0,0.31690140845070425
CAR,DJ Moore,Out,13.900000000000002,0,13,26.9,DJ Moore,Out,57.0,0.4719298245614035
CAR,DJ Moore,Post,6.1000000000000005,6,4,16.1,DJ Moore,Post,35.0,0.46
CAR,DJ Moore,Slant,23.3,6,19,48.3,DJ Moore,Slant,67.0,0.7208955223880597
SEA,DK Metcalf,Comeback,1.6,0,1,2.6,DK Metcalf,Comeback,5.0,0.52
SEA,DK Metcalf,Corner,0.0,0,0,0.0,DK Metcalf,Corner,26.0,0.0
SEA,DK Metcalf,Curl,12.9,0,14,26.9,DK Metcalf,Curl,61.0,0.440983606557377
SEA,DK Metcalf,Dig,5.9,0,4,9.900000000000002,DK Metcalf,Dig,34.0,0.29117647058823537
SEA,DK Metcalf,Out,12.500000000000004,12,13,37.49999999999999,DK Metcalf,Out,48.0,0.7812499999999999
SEA,DK Metcalf,Post,5.300000000000001,12,3,20.3,DK Metcalf,Post,29.0,0.7000000000000001
SEA,DK Metcalf,Slant,12.4,0,10,22.399999999999995,DK Metcalf,Slant,48.0,0.46666666666666656
PHI,Dallas Goedert,Comeback,1.4000000000000001,0,1,2.4000000000000004,Dallas Goedert,Comeback,9.0,0.2666666666666667
PHI,Dallas Goedert,Corner,8.9,0,4,12.9,Dallas Goedert,Corner,21.0,0.6142857142857143
PHI,Dallas Goedert,Curl,7.299999999999999,0,6,13.3,Dallas Goedert,Curl,35.0,0.38
PHI,Dallas Goedert,Dig,12.8,0,6,18.799999999999997,Dallas Goedert,Dig,34.0,0.5529411764705882
PHI,Dallas Goedert,Out,9.9,6,9,24.900000000000002,Dallas Goedert,Out,40.0,0.6225
PHI,Dallas Goedert,Post,0.0,0,0,0.0,Dallas Goedert,Post,12.0,0.0
DAL,Dalton Schultz,Corner,0.0,0,0,0.0,Dalton Schultz,Corner,15.0,0.0
DAL,Dalton Schultz,Curl,16.3,6,18,40.300000000000004,Dalton Schultz,Curl,114.0,0.3535087719298246
DAL,Dalton Schultz,Dig,3.5,6,4,13.5,Dalton Schultz,Dig,46.0,0.29347826086956524
DAL,Dalton Schultz,Out,17.1,0,18,35.1,Dalton Schultz,Out,63.0,0.5571428571428572
DAL,Dalton Schultz,Post,3.2,0,2,5.2,Dalton Schultz,Post,15.0,0.3466666666666667
DAL,Dalton Schultz,Slant,0.7000000000000001,0,1,1.7000000000000002,Dalton Schultz,Slant,23.0,0.07391304347826087
MIN,Dalvin Cook,Out,1.0,0,2,3.0,Dalvin Cook,Out,10.0,0.3
ATL,Damiere Byrd,Comeback,1.1,0,1,2.1,Damiere Byrd,Comeback,6.0,0.35000000000000003
ATL,Damiere Byrd,Curl,8.7,0,9,17.7,Damiere Byrd,Curl,88.0,0.20113636363636364
ATL,Damiere Byrd,Dig,2.4000000000000004,0,3,5.4,Damiere Byrd,Dig,39.0,0.13846153846153847
ATL,Damiere Byrd,Out,2.2,0,2,4.2,Damiere Byrd,Out,13.0,0.3230769230769231
ATL,Damiere Byrd,Slant,1.4000000000000001,0,2,3.4000000000000004,Damiere Byrd,Slant,10.0,0.34
JAX,Dan Arnold,Curl,6.200000000000001,0,6,12.200000000000001,Dan Arnold,Curl,51.0,0.23921568627450981
JAX,Dan Arnold,Dig,1.9000000000000001,0,1,2.9000000000000004,Dan Arnold,Dig,21.0,0.1380952380952381
JAX,Dan Arnold,Out,4.900000000000001,0,5,9.9,Dan Arnold,Out,37.0,0.26756756756756755
JAX,Dan Arnold,Slant,4.500000000000001,0,3,7.500000000000001,Dan Arnold,Slant,17.0,0.44117647058823534
CHI,Dante Pettis,Curl,0.9000000000000001,0,2,2.9000000000000004,Dante Pettis,Curl,8.0,0.36250000000000004
CHI,Dante Pettis,Out,1.4,6,2,9.4,Dante Pettis,Out,6.0,1.5666666666666667
CHI,Dante Pettis,Slant,5.2,0,3,8.2,Dante Pettis,Slant,8.0,1.025
NYG,Darius Slayton,Comeback,3.1,0,3,6.1,Darius Slayton,Comeback,14.0,0.43571428571428567
NYG,Darius Slayton,Corner,0.0,0,0,0.0,Darius Slayton,Corner,23.0,0.0
NYG,Darius Slayton,Curl,8.5,0,8,16.5,Darius Slayton,Curl,57.0,0.2894736842105263
NYG,Darius Slayton,Dig,0.7000000000000001,0,1,1.7000000000000002,Darius Slayton,Dig,26.0,0.06538461538461539
NYG,Darius Slayton,Out,1.4000000000000001,0,1,2.4000000000000004,Darius Slayton,Out,29.0,0.08275862068965519
NYG,Darius Slayton,Post,1.5,0,1,2.5,Darius Slayton,Post,22.0,0.11363636363636363
NYG,Darius Slayton,Slant,3.1,0,2,5.1,Darius Slayton,Slant,16.0,0.31875
CHI,Darnell Mooney,Corner,5.4,0,3,8.4,Darnell Mooney,Corner,38.0,0.2210526315789474
CHI,Darnell Mooney,Curl,24.600000000000005,0,23,47.60000000000001,Darnell Mooney,Curl,144.0,0.3305555555555556
CHI,Darnell Mooney,Dig,6.0,0,3,9.0,Darnell Mooney,Dig,39.0,0.23076923076923078
CHI,Darnell Mooney,Out,11.800000000000002,0,11,22.8,Darnell Mooney,Out,54.0,0.4222222222222222
CHI,Darnell Mooney,Post,0.0,0,0,0.0,Darnell Mooney,Post,31.0,0.0
CHI,Darnell Mooney,Slant,8.2,0,6,14.2,Darnell Mooney,Slant,31.0,0.45806451612903226
LV,Darren Waller,Corner,0.0,0,0,0.0,Darren Waller,Corner,18.0,0.0
LV,Darren Waller,Curl,10.000000000000002,0,8,18.0,Darren Waller,Curl,42.0,0.42857142857142855
LV,Darren Waller,Dig,4.6000000000000005,0,4,8.600000000000001,Darren Waller,Dig,38.0,0.22631578947368425
LV,Darren Waller,Out,15.200000000000003,6,13,34.2,Darren Waller,Out,39.0,0.876923076923077
LV,Darren Waller,Post,4.5,0,2,6.5,Darren Waller,Post,16.0,0.40625
LV,Darren Waller,Slant,10.0,6,8,24.000000000000004,Darren Waller,Slant,25.0,0.9600000000000002
LV,Davante Adams,Comeback,1.1,0,1,2.1,Davante Adams,Comeback,2.0,1.05
LV,Davante Adams,Corner,7.200000000000001,0,2,9.2,Davante Adams,Corner,27.0,0.34074074074074073
LV,Davante Adams,Curl,9.700000000000001,0,11,20.7,Davante Adams,Curl,34.0,0.6088235294117647
LV,Davante Adams,Dig,24.800000000000004,0,14,38.800000000000004,Davante Adams,Dig,68.0,0.5705882352941177
LV,Davante Adams,Out,12.500000000000002,12,19,43.50000000000001,Davante Adams,Out,62.0,0.7016129032258066
LV,Davante Adams,Post,7.9,0,4,11.9,Davante Adams,Post,15.0,0.7933333333333333
LV,Davante Adams,Slant,21.700000000000006,12,18,51.699999999999996,Davante Adams,Slant,75.0,0.6893333333333332
CHI,David Montgomery,Curl,3.0000000000000004,0,4,7.0,David Montgomery,Curl,46.0,0.15217391304347827
CHI,David Montgomery,Out,1.1,0,2,3.0999999999999996,David Montgomery,Out,8.0,0.38749999999999996
CHI,David Moore,Post,0.0,0,0,0.0,David Moore,Post,1.0,0.0
CLE,David Njoku,Corner,4.5,0,2,6.5,David Njoku,Corner,25.0,0.26
CLE,David Njoku,Curl,3.7,0,6,9.7,David Njoku,Curl,60.0,0.16166666666666665
CLE,David Njoku,Out,3.2,0,2,5.2,David Njoku,Out,23.0,0.22608695652173913
CLE,David Njoku,Post,2.0,6,1,9.0,David Njoku,Post,7.0,1.2857142857142858
NYG,David Sills V,Slant,0.0,0,0,0.0,David Sills V,Slant,4.0,0.0
BUF,Dawson Knox,Corner,6.6000000000000005,0,2,8.600000000000001,Dawson Knox,Corner,23.0,0.37391304347826093
BUF,Dawson Knox,Curl,1.9000000000000001,6,3,10.9,Dawson Knox,Curl,42.0,0.25952380952380955
BUF,Dawson Knox,Dig,3.0,0,2,5.0,Dawson Knox,Dig,28.0,0.17857142857142858
BUF,Dawson Knox,Out,2.4000000000000004,6,1,9.4,Dawson Knox,Out,36.0,0.2611111111111111
BUF,Dawson Knox,Post,1.1,6,1,8.1,Dawson Knox,Post,18.0,0.44999999999999996
WAS,Dax Milne,Post,0.0,0,0,0.0,Dax Milne,Post,8.0,0.0
WAS,Dax Milne,Slant,2.2,0,1,3.2,Dax Milne,Slant,3.0,1.0666666666666667
LAC,DeAndre Carter,Comeback,0.0,0,0,0.0,DeAndre Carter,Comeback,8.0,0.0
LAC,DeAndre Carter,Corner,3.7,6,2,11.7,DeAndre Carter,Corner,7.0,1.6714285714285713
LAC,DeAndre Carter,Curl,4.699999999999999,0,4,8.7,DeAndre Carter,Curl,26.0,0.3346153846153846
LAC,DeAndre Carter,Dig,6.7,0,3,9.7,DeAndre Carter,Dig,23.0,0.42173913043478256
LAC,DeAndre Carter,Out,1.8000000000000003,0,2,3.8000000000000003,DeAndre Carter,Out,16.0,0.23750000000000002
LAC,DeAndre Carter,Post,2.2,0,1,3.2,DeAndre Carter,Post,12.0,0.26666666666666666
LAC,DeAndre Carter,Slant,2.7,0,2,4.699999999999999,DeAndre Carter,Slant,11.0,0.4272727272727272
NE,DeVante Parker,Comeback,2.4,0,3,5.4,DeVante Parker,Comeback,5.0,1.08
NE,DeVante Parker,Corner,3.7,0,1,4.7,DeVante Parker,Corner,15.0,0.31333333333333335
NE,DeVante Parker,Curl,7.700000000000001,0,10,17.7,DeVante Parker,Curl,59.0,0.3
NE,DeVante Parker,Dig,4.5,0,3,7.5,DeVante Parker,Dig,31.0,0.24193548387096775
NE,DeVante Parker,Out,2.4000000000000004,0,3,5.3999999999999995,DeVante Parker,Out,12.0,0.44999999999999996
NE,DeVante Parker,Post,2.0,0,1,3.0,DeVante Parker,Post,23.0,0.13043478260869565
NE,DeVante Parker,Slant,13.4,6,12,31.400000000000006,DeVante Parker,Slant,54.0,0.5814814814814816
PHI,DeVonta Smith,Comeback,12.700000000000001,0,9,21.7,DeVonta Smith,Comeback,25.0,0.868
PHI,DeVonta Smith,Corner,3.7,0,1,4.7,DeVonta Smith,Corner,26.0,0.18076923076923077
PHI,DeVonta Smith,Curl,19.8,0,18,37.800000000000004,DeVonta Smith,Curl,86.0,0.4395348837209303
PHI,DeVonta Smith,Dig,11.500000000000002,0,7,18.5,DeVonta Smith,Dig,42.0,0.44047619047619047
PHI,DeVonta Smith,Out,6.7,0,7,13.7,DeVonta Smith,Out,28.0,0.48928571428571427
PHI,DeVonta Smith,Post,2.8000000000000003,6,1,9.8,DeVonta Smith,Post,18.0,0.5444444444444445
PHI,DeVonta Smith,Slant,3.7,6,5,14.7,DeVonta Smith,Slant,26.0,0.5653846153846154
SEA,Dee Eskridge,Post,0.0,0,0,0.0,Dee Eskridge,Post,4.0,0.0
SEA,Dee Eskridge,Slant,1.1,0,1,2.1,Dee Eskridge,Slant,8.0,0.2625
SF,Deebo Samuel,Corner,4.3,0,1,5.3,Deebo Samuel,Corner,14.0,0.37857142857142856
SF,Deebo Samuel,Curl,9.900000000000002,0,9,18.900000000000002,Deebo Samuel,Curl,62.0,0.3048387096774194
SF,Deebo Samuel,Dig,36.4,6,17,59.400000000000006,Deebo Samuel,Dig,71.0,0.8366197183098593
SF,Deebo Samuel,Out,1.8,0,2,3.8,Deebo Samuel,Out,28.0,0.1357142857142857
SF,Deebo Samuel,Post,9.5,6,2,17.5,Deebo Samuel,Post,20.0,0.875
SF,Deebo Samuel,Slant,9.700000000000001,0,8,17.700000000000003,Deebo Samuel,Slant,35.0,0.5057142857142858
LV,Demarcus Robinson,Curl,13.1,0,15,28.099999999999998,Demarcus Robinson,Curl,107.0,0.2626168224299065
LV,Demarcus Robinson,Dig,0.0,0,0,0.0,Demarcus Robinson,Dig,33.0,0.0
LV,Demarcus Robinson,Out,0.8,0,1,1.8,Demarcus Robinson,Out,30.0,0.060000000000000005
NYJ,Denzel Mims,Post,2.7,0,1,3.7,Denzel Mims,Post,10.0,0.37
NYJ,Denzel Mims,Slant,1.9000000000000001,0,2,3.9,Denzel Mims,Slant,17.0,0.22941176470588234
NO,Deonte Harty,Comeback,4.9,0,4,8.9,Deonte Harty,Comeback,6.0,1.4833333333333334
NO,Deonte Harty,Corner,7.6,6,2,15.6,Deonte Harty,Corner,7.0,2.2285714285714286
NO,Deonte Harty,Curl,6.600000000000001,0,7,13.600000000000001,Deonte Harty,Curl,22.0,0.6181818181818183
NO,Deonte Harty,Dig,7.0,6,1,14.0,Deonte Harty,Dig,12.0,1.1666666666666667
NO,Deonte Harty,Out,9.1,0,9,18.1,Deonte Harty,Out,28.0,0.6464285714285715
NO,Deonte Harty,Post,7.2,6,1,14.2,Deonte Harty,Post,12.0,1.1833333333333333
NO,Deonte Harty,Slant,3.7,0,4,7.700000000000001,Deonte Harty,Slant,12.0,0.6416666666666667
TEN,Derrick Henry,Curl,4.4,0,7,11.4,Derrick Henry,Curl,29.0,0.3931034482758621
TEN,Derrick Henry,Dig,0.4,0,1,1.4,Derrick Henry,Dig,4.0,0.35
BAL,Devin Duvernay,Comeback,0.7000000000000001,0,1,1.7000000000000002,Devin Duvernay,Comeback,4.0,0.42500000000000004
BAL,Devin Duvernay,Corner,1.9000000000000001,6,1,8.9,Devin Duvernay,Corner,13.0,0.6846153846153846
BAL,Devin Duvernay,Curl,3.3000000000000003,0,3,6.300000000000001,Devin Duvernay,Curl,67.0,0.09402985074626867
BAL,Devin Duvernay,Dig,2.5,0,2,4.5,Devin Duvernay,Dig,30.0,0.15
BAL,Devin Duvernay,Out,1.3,0,2,3.3,Devin Duvernay,Out,26.0,0.12692307692307692
BAL,Devin Duvernay,Slant,5.4,0,5,10.4,Devin Duvernay,Slant,36.0,0.2888888888888889
BUF,Devin Singletary,Curl,7.4,0,10,17.4,Devin Singletary,Curl,72.0,0.24166666666666664
BUF,Devin Singletary,Dig,1.1,0,2,3.1,Devin Singletary,Dig,5.0,0.62
TEN,Dez Fitzpatrick,Corner,0.0,0,0,0.0,Dez Fitzpatrick,Corner,2.0,0.0
TEN,Dez Fitzpatrick,Post,1.8,6,1,8.8,Dez Fitzpatrick,Post,4.0,2.2
TEN,Dez Fitzpatrick,Slant,0.5,0,1,1.5,Dez Fitzpatrick,Slant,8.0,0.1875
PIT,Diontae Johnson,Comeback,7.300000000000001,0,5,12.299999999999999,Diontae Johnson,Comeback,10.0,1.23
PIT,Diontae Johnson,Corner,1.5,0,1,2.5,Diontae Johnson,Corner,11.0,0.22727272727272727
PIT,Diontae Johnson,Curl,8.899999999999999,0,13,21.9,Diontae Johnson,Curl,77.0,0.2844155844155844
PIT,Diontae Johnson,Dig,10.1,0,8,18.099999999999998,Diontae Johnson,Dig,51.0,0.3549019607843137
PIT,Diontae Johnson,Out,10.600000000000001,0,15,25.599999999999998,Diontae Johnson,Out,72.0,0.3555555555555555
PIT,Diontae Johnson,Post,4.300000000000001,6,2,12.3,Diontae Johnson,Post,22.0,0.5590909090909091
PIT,Diontae Johnson,Slant,18.0,12,16,45.99999999999999,Diontae Johnson,Slant,48.0,0.9583333333333331
CLE,Donovan Peoples-Jones,Comeback,0.0,0,0,0.0,Donovan Peoples-Jones,Comeback,4.0,0.0
CLE,Donovan Peoples-Jones,Corner,1.5,0,1,2.5,Donovan Peoples-Jones,Corner,16.0,0.15625
CLE,Donovan Peoples-Jones,Curl,5.4,0,5,10.4,Donovan Peoples-Jones,Curl,56.0,0.18571428571428572
CLE,Donovan Peoples-Jones,Dig,5.7,0,4,9.7,Donovan Peoples-Jones,Dig,42.0,0.23095238095238094
CLE,Donovan Peoples-Jones,Out,7.5,6,6,19.500000000000004,Donovan Peoples-Jones,Out,35.0,0.5571428571428573
CLE,Donovan Peoples-Jones,Post,3.7,0,2,5.7,Donovan Peoples-Jones,Post,14.0,0.40714285714285714
CLE,Donovan Peoples-Jones,Slant,2.9000000000000004,0,3,5.9,Donovan Peoples-Jones,Slant,34.0,0.1735294117647059
MIA,Durham Smythe,Corner,4.6,0,2,6.6,Durham Smythe,Corner,19.0,0.34736842105263155
MIA,Durham Smythe,Dig,1.3,0,1,2.3,Durham Smythe,Dig,12.0,0.19166666666666665
MIA,Durham Smythe,Post,2.1,0,1,3.1,Durham Smythe,Post,3.0,1.0333333333333334
MIA,Durham Smythe,Slant,3.0,0,2,5.0,Durham Smythe,Slant,10.0,0.5
WAS,Dyami Brown,Comeback,0.0,0,0,0.0,Dyami Brown,Comeback,4.0,0.0
WAS,Dyami Brown,Dig,7.6000000000000005,0,6,13.600000000000001,Dyami Brown,Dig,22.0,0.6181818181818183
WAS,Dyami Brown,Post,4.800000000000001,0,1,5.800000000000001,Dyami Brown,Post,16.0,0.36250000000000004
WAS,Dyami Brown,Slant,0.5,0,1,1.5,Dyami Brown,Slant,5.0,0.3
NYJ,Elijah Moore,Comeback,0.0,0,0,0.0,Elijah Moore,Comeback,11.0,0.0
NYJ,Elijah Moore,Corner,0.0,0,0,0.0,Elijah Moore,Corner,16.0,0.0
NYJ,Elijah Moore,Curl,12.200000000000001,6,7,25.200000000000003,Elijah Moore,Curl,35.0,0.7200000000000001
NYJ,Elijah Moore,Dig,3.8000000000000003,0,2,5.800000000000001,Elijah Moore,Dig,33.0,0.17575757575757578
NYJ,Elijah Moore,Out,8.600000000000001,0,8,16.6,Elijah Moore,Out,33.0,0.503030303030303
NYJ,Elijah Moore,Post,5.8,0,3,8.8,Elijah Moore,Post,24.0,0.3666666666666667
NYJ,Elijah Moore,Slant,6.5,12,2,20.5,Elijah Moore,Slant,18.0,1.1388888888888888
CHI,Equanimeous St. Brown,Corner,0.0,0,0,0.0,Equanimeous St. Brown,Corner,7.0,0.0
CHI,Equanimeous St. Brown,Dig,1.8,0,1,2.8,Equanimeous St. Brown,Dig,14.0,0.19999999999999998
CHI,Equanimeous St. Brown,Out,1.6,0,3,4.6,Equanimeous St. Brown,Out,17.0,0.27058823529411763
CHI,Equanimeous St. Brown,Post,0.0,0,0,0.0,Equanimeous St. Brown,Post,7.0,0.0
CHI,Equanimeous St. Brown,Slant,1.7000000000000002,0,1,2.7,Equanimeous St. Brown,Slant,12.0,0.225
JAX,Evan Engram,Comeback,0.0,0,0,0.0,Evan Engram,Comeback,1.0,0.0
JAX,Evan Engram,Corner,0.0,0,0,0.0,Evan Engram,Corner,26.0,0.0
JAX,Evan Engram,Curl,6.1000000000000005,0,5,11.099999999999998,Evan Engram,Curl,56.0,0.19821428571428568
JAX,Evan Engram,Dig,2.3,0,2,4.3,Evan Engram,Dig,30.0,0.14333333333333334
JAX,Evan Engram,Out,7.700000000000001,6,9,22.7,Evan Engram,Out,46.0,0.4934782608695652
JAX,Evan Engram,Slant,4.6000000000000005,0,4,8.6,Evan Engram,Slant,22.0,0.3909090909090909
DAL,Ezekiel Elliott,Curl,1.4000000000000001,0,3,4.4,Ezekiel Elliott,Curl,50.0,0.08800000000000001
DAL,Ezekiel Elliott,Dig,2.2,0,2,4.2,Ezekiel Elliott,Dig,6.0,0.7000000000000001
DAL,Ezekiel Elliott,Out,0.30000000000000004,0,1,1.3,Ezekiel Elliott,Out,29.0,0.04482758620689655
LV,Foster Moreau,Corner,3.7,6,2,11.700000000000001,Foster Moreau,Corner,19.0,0.6157894736842106
LV,Foster Moreau,Dig,2.5,0,2,4.5,Foster Moreau,Dig,23.0,0.1956521739130435
ATL,Frank Darby,Slant,0.0,0,0,0.0,Frank Darby,Slant,1.0,0.0
SEA,Freddie Swain,Corner,0.0,0,0,0.0,Freddie Swain,Corner,13.0,0.0
SEA,Freddie Swain,Curl,6.7,0,4,10.700000000000001,Freddie Swain,Curl,57.0,0.18771929824561406
SEA,Freddie Swain,Out,2.1,0,3,5.1,Freddie Swain,Out,40.0,0.1275
SEA,Freddie Swain,Slant,1.9,0,2,3.9,Freddie Swain,Slant,26.0,0.15
BUF,Gabriel Davis,Comeback,2.1,0,1,3.1,Gabriel Davis,Comeback,3.0,1.0333333333333334
BUF,Gabriel Davis,Corner,0.30000000000000004,6,1,7.3,Gabriel Davis,Corner,14.0,0.5214285714285715
BUF,Gabriel Davis,Curl,10.600000000000001,0,8,18.599999999999998,Gabriel Davis,Curl,62.0,0.3
BUF,Gabriel Davis,Dig,12.3,0,7,19.3,Gabriel Davis,Dig,32.0,0.603125
BUF,Gabriel Davis,Out,2.5,0,2,4.5,Gabriel Davis,Out,10.0,0.45
BUF,Gabriel Davis,Post,24.5,24,7,55.50000000000001,Gabriel Davis,Post,23.0,2.41304347826087
BUF,Gabriel Davis,Slant,2.3000000000000003,12,3,17.3,Gabriel Davis,Slant,13.0,1.330769230769231
TEN,Geoff Swaim,Corner,0.2,6,1,7.2,Geoff Swaim,Corner,4.0,1.8
TEN,Geoff Swaim,Curl,1.5,0,2,3.5,Geoff Swaim,Curl,30.0,0.11666666666666667
TEN,Geoff Swaim,Out,3.1999999999999997,0,6,9.2,Geoff Swaim,Out,16.0,0.575
SF,George Kittle,Corner,3.5,6,2,11.5,George Kittle,Corner,13.0,0.8846153846153846
SF,George Kittle,Curl,5.800000000000001,0,6,11.8,George Kittle,Curl,37.0,0.31891891891891894
SF,George Kittle,Dig,14.499999999999998,0,11,25.5,George Kittle,Dig,47.0,0.5425531914893617
SF,George Kittle,Out,10.5,12,10,32.5,George Kittle,Out,36.0,0.9027777777777778
SF,George Kittle,Post,3.7,6,2,11.7,George Kittle,Post,8.0,1.4625
SF,George Kittle,Slant,13.900000000000004,6,10,29.900000000000002,George Kittle,Slant,12.0,2.4916666666666667
LAC,Gerald Everett,Corner,8.100000000000001,6,3,17.1,Gerald Everett,Corner,14.0,1.2214285714285715
LAC,Gerald Everett,Curl,3.9000000000000004,0,3,6.9,Gerald Everett,Curl,33.0,0.2090909090909091
LAC,Gerald Everett,Dig,1.2000000000000002,0,1,2.2,Gerald Everett,Dig,22.0,0.1
LAC,Gerald Everett,Out,12.4,0,11,23.400000000000002,Gerald Everett,Out,47.0,0.49787234042553197
LAC,Gerald Everett,Post,3.4000000000000004,0,1,4.4,Gerald Everett,Post,9.0,0.48888888888888893
LAC,Gerald Everett,Slant,1.1,0,2,3.1,Gerald Everett,Slant,27.0,0.11481481481481481
PHI,Greg Ward,Post,1.5,6,1,8.5,Greg Ward,Post,11.0,0.7727272727272727
PIT,Gunner Olszewski,Comeback,0.0,0,0,0.0,Gunner Olszewski,Comeback,2.0,0.0
CLE,Harrison Bryant,Corner,5.7,6,3,14.7,Harrison Bryant,Corner,16.0,0.91875
CLE,Harrison Bryant,Out,1.6,0,3,4.6,Harrison Bryant,Out,18.0,0.25555555555555554
CIN,Hayden Hurst,Curl,4.7,6,5,15.700000000000001,Hayden Hurst,Curl,34.0,0.46176470588235297
NE,Hunter Henry,Corner,8.9,6,4,18.900000000000002,Hunter Henry,Corner,25.0,0.7560000000000001
NE,Hunter Henry,Curl,5.7,12,7,24.7,Hunter Henry,Curl,55.0,0.4490909090909091
NE,Hunter Henry,Dig,9.100000000000001,6,8,23.099999999999998,Hunter Henry,Dig,61.0,0.3786885245901639
NE,Hunter Henry,Out,9.5,6,11,26.5,Hunter Henry,Out,39.0,0.6794871794871795
LV,Hunter Renfrow,Comeback,1.0,0,1,2.0,Hunter Renfrow,Comeback,2.0,1.0
LV,Hunter Renfrow,Corner,3.3000000000000003,12,3,18.3,Hunter Renfrow,Corner,12.0,1.5250000000000001
LV,Hunter Renfrow,Curl,21.3,6,27,54.300000000000004,Hunter Renfrow,Curl,104.0,0.5221153846153846
LV,Hunter Renfrow,Dig,11.900000000000002,0,7,18.9,Hunter Renfrow,Dig,41.0,0.4609756097560975
LV,Hunter Renfrow,Out,12.799999999999999,12,17,41.8,Hunter Renfrow,Out,52.0,0.8038461538461538
LV,Hunter Renfrow,Post,1.1,6,1,8.1,Hunter Renfrow,Post,11.0,0.7363636363636363
LV,Hunter Renfrow,Slant,7.000000000000001,0,5,12.0,Hunter Renfrow,Slant,18.0,0.6666666666666666
CAR,Ian Thomas,Curl,1.0,0,1,2.0,Ian Thomas,Curl,28.0,0.07142857142857142
CAR,Ian Thomas,Post,3.7,0,2,5.7,Ian Thomas,Post,10.0,0.5700000000000001
MIN,Ihmir Smith-Marsette,Corner,2.6,6,2,10.600000000000001,Ihmir Smith-Marsette,Corner,9.0,1.177777777777778
MIN,Ihmir Smith-Marsette,Post,4.4,6,1,11.4,Ihmir Smith-Marsette,Post,5.0,2.2800000000000002
WAS,J.D. McKissic,Curl,4.600000000000001,0,6,10.6,J.D. McKissic,Curl,21.0,0.5047619047619047
WAS,J.D. McKissic,Dig,1.5,0,3,4.5,J.D. McKissic,Dig,4.0,1.125
WAS,J.D. McKissic,Slant,0.8,0,1,1.8,J.D. McKissic,Slant,3.0,0.6
CLE,Ja'Marcus Bradley,Corner,3.7,0,1,4.7,Ja'Marcus Bradley,Corner,3.0,1.5666666666666667
CIN,Ja'Marr Chase,Comeback,3.4000000000000004,0,4,7.4,Ja'Marr Chase,Comeback,8.0,0.925
CIN,Ja'Marr Chase,Corner,2.5,6,2,10.5,Ja'Marr Chase,Corner,27.0,0.3888888888888889
CIN,Ja'Marr Chase,Curl,22.2,0,17,39.20000000000001,Ja'Marr Chase,Curl,84.0,0.4666666666666668
CIN,Ja'Marr Chase,Dig,13.799999999999999,0,11,24.8,Ja'Marr Chase,Dig,56.0,0.4428571428571429
CIN,Ja'Marr Chase,Out,16.7,6,9,31.7,Ja'Marr Chase,Out,49.0,0.6469387755102041
CIN,Ja'Marr Chase,Post,5.300000000000001,0,1,6.300000000000001,Ja'Marr Chase,Post,18.0,0.35000000000000003
CIN,Ja'Marr Chase,Slant,24.700000000000003,12,15,51.7,Ja'Marr Chase,Slant,53.0,0.9754716981132076
LV,Jacob Hollister,Corner,0.1,6,1,7.1,Jacob Hollister,Corner,3.0,2.3666666666666667
LV,Jacob Hollister,Dig,0.0,0,0,0.0,Jacob Hollister,Dig,7.0,0.0
TB,Jaelon Darden,Comeback,0.0,0,0,0.0,Jaelon Darden,Comeback,2.0,0.0
BUF,Jake Kumerow,Corner,0.0,0,0,0.0,Jake Kumerow,Corner,4.0,0.0
NE,Jakobi Meyers,Comeback,0.8,0,1,1.8,Jakobi Meyers,Comeback,5.0,0.36
NE,Jakobi Meyers,Corner,5.300000000000001,6,3,14.3,Jakobi Meyers,Corner,13.0,1.1
NE,Jakobi Meyers,Curl,4.1000000000000005,0,9,13.1,Jakobi Meyers,Curl,60.0,0.21833333333333332
NE,Jakobi Meyers,Dig,15.600000000000001,6,12,33.6,Jakobi Meyers,Dig,77.0,0.4363636363636364
NE,Jakobi Meyers,Out,15.900000000000002,0,18,33.900000000000006,Jakobi Meyers,Out,64.0,0.5296875000000001
NE,Jakobi Meyers,Post,3.8000000000000003,0,1,4.800000000000001,Jakobi Meyers,Post,21.0,0.2285714285714286
NE,Jakobi Meyers,Slant,7.700000000000001,0,6,13.7,Jakobi Meyers,Slant,19.0,0.7210526315789473
LAC,Jalen Guyton,Comeback,1.5,0,2,3.5,Jalen Guyton,Comeback,8.0,0.4375
LAC,Jalen Guyton,Corner,6.6000000000000005,6,2,14.600000000000001,Jalen Guyton,Corner,14.0,1.042857142857143
LAC,Jalen Guyton,Curl,7.800000000000001,6,7,20.8,Jalen Guyton,Curl,61.0,0.3409836065573771
LAC,Jalen Guyton,Out,7.000000000000001,0,5,12.0,Jalen Guyton,Out,21.0,0.5714285714285714
LAC,Jalen Guyton,Slant,2.2,0,2,4.2,Jalen Guyton,Slant,26.0,0.16153846153846155
PHI,Jalen Reagor,Comeback,2.0,0,2,4.0,Jalen Reagor,Comeback,13.0,0.3076923076923077
PHI,Jalen Reagor,Curl,3.5,0,3,6.5,Jalen Reagor,Curl,84.0,0.07738095238095238
PHI,Jalen Reagor,Out,2.0,0,2,4.0,Jalen Reagor,Out,12.0,0.3333333333333333
PHI,Jalen Reagor,Post,0.0,0,0,0.0,Jalen Reagor,Post,24.0,0.0
PHI,Jalen Reagor,Slant,2.2,0,3,5.2,Jalen Reagor,Slant,8.0,0.65
DET,Jamaal Williams,Out,1.1,0,2,3.1,Jamaal Williams,Out,5.0,0.62
JAX,Jamal Agnew,Comeback,1.0,0,1,2.0,Jamal Agnew,Comeback,2.0,1.0
JAX,Jamal Agnew,Corner,0.0,0,0,0.0,Jamal Agnew,Corner,6.0,0.0
JAX,Jamal Agnew,Dig,0.0,0,0,0.0,Jamal Agnew,Dig,16.0,0.0
JAX,Jamal Agnew,Out,4.5,0,7,11.5,Jamal Agnew,Out,24.0,0.4791666666666667
JAX,Jamal Agnew,Slant,0.8,0,1,1.8,Jamal Agnew,Slant,6.0,0.3
ARI,James Conner,Corner,0.0,0,0,0.0,James Conner,Corner,1.0,0.0
CHI,James O'Shaughnessy,Corner,2.4000000000000004,0,1,3.4000000000000004,James O'Shaughnessy,Corner,5.0,0.68
CHI,James O'Shaughnessy,Curl,5.2,0,6,11.200000000000001,James O'Shaughnessy,Curl,33.0,0.3393939393939394
CHI,James O'Shaughnessy,Dig,2.2,0,1,3.2,James O'Shaughnessy,Dig,9.0,0.35555555555555557
JAX,James Robinson,Curl,4.0,0,4,8.0,James Robinson,Curl,43.0,0.18604651162790697
JAX,James Robinson,Out,3.5,0,3,6.5,James Robinson,Out,8.0,0.8125
JAX,James Robinson,Slant,1.5,0,1,2.5,James Robinson,Slant,4.0,0.625
DAL,James Washington,Comeback,0.0,0,0,0.0,James Washington,Comeback,2.0,0.0
DAL,James Washington,Corner,0.0,0,0,0.0,James Washington,Corner,16.0,0.0
DAL,James Washington,Out,6.9,0,6,12.899999999999999,James Washington,Out,37.0,0.3486486486486486
DAL,James Washington,Post,6.0,6,2,14.0,James Washington,Post,9.0,1.5555555555555556
DAL,James Washington,Slant,1.5,0,2,3.5,James Washington,Slant,26.0,0.1346153846153846
BUF,Jamison Crowder,Curl,15.8,0,15,30.799999999999997,Jamison Crowder,Curl,62.0,0.49677419354838703
BUF,Jamison Crowder,Dig,0.8,0,1,1.8,Jamison Crowder,Dig,19.0,0.09473684210526316
BUF,Jamison Crowder,Out,8.9,6,12,26.9,Jamison Crowder,Out,54.0,0.4981481481481481
BUF,Jamison Crowder,Slant,0.0,0,0,0.0,Jamison Crowder,Slant,22.0,0.0
NO,Jarvis Landry,Comeback,0.9,0,1,1.9,Jarvis Landry,Comeback,3.0,0.6333333333333333
NO,Jarvis Landry,Corner,4.300000000000001,0,2,6.300000000000001,Jarvis Landry,Corner,7.0,0.9000000000000001
NO,Jarvis Landry,Curl,6.3,0,7,13.3,Jarvis Landry,Curl,46.0,0.2891304347826087
NO,Jarvis Landry,Dig,2.8,0,2,4.8,Jarvis Landry,Dig,22.0,0.21818181818181817
NO,Jarvis Landry,Out,13.5,6,10,29.499999999999996,Jarvis Landry,Out,51.0,0.5784313725490196
NO,Jarvis Landry,Post,0.0,0,0,0.0,Jarvis Landry,Post,12.0,0.0
NO,Jarvis Landry,Slant,8.200000000000001,0,8,16.2,Jarvis Landry,Slant,27.0,0.6
SF,Jauan Jennings,Curl,3.8000000000000003,0,4,7.8,Jauan Jennings,Curl,19.0,0.4105263157894737
SF,Jauan Jennings,Dig,1.9000000000000001,6,2,9.9,Jauan Jennings,Dig,20.0,0.495
SF,Jauan Jennings,Out,11.700000000000001,12,11,34.699999999999996,Jauan Jennings,Out,26.0,1.3346153846153845
SF,Jauan Jennings,Post,2.1,0,1,3.1,Jauan Jennings,Post,14.0,0.22142857142857145
SF,Jauan Jennings,Slant,1.4000000000000001,0,2,3.4000000000000004,Jauan Jennings,Slant,9.0,0.3777777777777778
DEN,Javonte Williams,Dig,1.9,0,2,3.9,Javonte Williams,Dig,12.0,0.325
DEN,Javonte Williams,Out,2.7,0,3,5.7,Javonte Williams,Out,16.0,0.35625
DEN,Javonte Williams,Post,3.4000000000000004,0,1,4.4,Javonte Williams,Post,1.0,4.4
MIA,Jaylen Waddle,Comeback,0.0,0,0,0.0,Jaylen Waddle,Comeback,1.0,0.0
MIA,Jaylen Waddle,Corner,9.4,0,3,12.4,Jaylen Waddle,Corner,17.0,0.7294117647058824
MIA,Jaylen Waddle,Curl,11.9,6,12,29.900000000000006,Jaylen Waddle,Curl,78.0,0.3833333333333334
MIA,Jaylen Waddle,Dig,6.6000000000000005,0,2,8.6,Jaylen Waddle,Dig,31.0,0.27741935483870966
MIA,Jaylen Waddle,Out,22.900000000000002,0,24,46.89999999999999,Jaylen Waddle,Out,71.0,0.66056338028169
MIA,Jaylen Waddle,Post,0.0,0,0,0.0,Jaylen Waddle,Post,33.0,0.0
MIA,Jaylen Waddle,Slant,13.8,6,13,32.8,Jaylen Waddle,Slant,73.0,0.44931506849315067
NYJ,Jeff Smith,Dig,2.7,0,3,5.7,Jeff Smith,Dig,20.0,0.28500000000000003
NYJ,Jeff Smith,Out,2.7,0,2,4.7,Jeff Smith,Out,10.0,0.47000000000000003
NYJ,Jeff Smith,Post,0.0,0,0,0.0,Jeff Smith,Post,8.0,0.0
NYJ,Jeff Smith,Slant,1.4000000000000001,0,1,2.4000000000000004,Jeff Smith,Slant,8.0,0.30000000000000004
DEN,Jerry Jeudy,Corner,0.0,0,0,0.0,Jerry Jeudy,Corner,8.0,0.0
DEN,Jerry Jeudy,Curl,7.800000000000001,0,11,18.8,Jerry Jeudy,Curl,41.0,0.4585365853658537
DEN,Jerry Jeudy,Dig,3.8000000000000007,0,3,6.800000000000001,Jerry Jeudy,Dig,33.0,0.20606060606060608
DEN,Jerry Jeudy,Out,3.6000000000000005,0,3,6.6000000000000005,Jerry Jeudy,Out,28.0,0.23571428571428574
DEN,Jerry Jeudy,Post,0.0,0,0,0.0,Jerry Jeudy,Post,16.0,0.0
DEN,Jerry Jeudy,Slant,2.6,0,2,4.6,Jerry Jeudy,Slant,12.0,0.3833333333333333
CIN,Joe Mixon,Dig,3.8000000000000003,6,4,13.8,Joe Mixon,Dig,9.0,1.5333333333333334
WAS,John Bates,Corner,2.4000000000000004,0,1,3.4000000000000004,John Bates,Corner,7.0,0.48571428571428577
WAS,John Bates,Out,4.4,0,2,6.4,John Bates,Out,34.0,0.18823529411764706
WAS,John Bates,Post,1.8,0,1,2.8,John Bates,Post,4.0,0.7
IND,Jonathan Taylor,Curl,1.0,0,1,2.0,Jonathan Taylor,Curl,34.0,0.058823529411764705
IND,Jonathan Taylor,Out,1.7000000000000002,0,3,4.7,Jonathan Taylor,Out,9.0,0.5222222222222223
NE,Jonnu Smith,Corner,0.0,0,0,0.0,Jonnu Smith,Corner,9.0,0.0
NE,Jonnu Smith,Post,0.0,0,0,0.0,Jonnu Smith,Post,1.0,0.0
NYG,Jordan Akins,Corner,0.0,0,0,0.0,Jordan Akins,Corner,10.0,0.0
NYG,Jordan Akins,Curl,6.800000000000001,0,8,14.799999999999999,Jordan Akins,Curl,42.0,0.35238095238095235
NYG,Jordan Akins,Out,5.700000000000001,0,6,11.700000000000001,Jordan Akins,Out,28.0,0.41785714285714287
KC,Josh Gordon,Corner,0.0,0,0,0.0,Josh Gordon,Corner,6.0,0.0
KC,Josh Gordon,Out,1.5,0,2,3.5,Josh Gordon,Out,13.0,0.2692307692307692
LV,Josh Jacobs,Curl,8.800000000000002,0,8,16.8,Josh Jacobs,Curl,73.0,0.23013698630136986
LV,Josh Jacobs,Out,2.8,0,5,7.800000000000001,Josh Jacobs,Out,18.0,0.43333333333333335
DET,Josh Reynolds,Comeback,1.1,0,1,2.1,Josh Reynolds,Comeback,8.0,0.2625
DET,Josh Reynolds,Curl,2.5,0,3,5.5,Josh Reynolds,Curl,32.0,0.171875
DET,Josh Reynolds,Dig,3.3,0,2,5.3,Josh Reynolds,Dig,38.0,0.1394736842105263
DET,Josh Reynolds,Out,8.9,0,6,14.900000000000002,Josh Reynolds,Out,12.0,1.241666666666667
DET,Josh Reynolds,Post,2.3000000000000003,0,1,3.3000000000000003,Josh Reynolds,Post,9.0,0.3666666666666667
DET,Josh Reynolds,Slant,7.100000000000001,0,5,12.100000000000001,Josh Reynolds,Slant,13.0,0.9307692307692309
KC,JuJu Smith-Schuster,Corner,1.2000000000000002,0,1,2.2,JuJu Smith-Schuster,Corner,9.0,0.24444444444444446
KC,JuJu Smith-Schuster,Curl,3.2,0,4,7.199999999999999,JuJu Smith-Schuster,Curl,24.0,0.3
KC,JuJu Smith-Schuster,Dig,0.6000000000000001,0,1,1.6,JuJu Smith-Schuster,Dig,8.0,0.2
KC,JuJu Smith-Schuster,Slant,0.0,0,0,0.0,JuJu Smith-Schuster,Slant,15.0,0.0
MIN,Justin Jefferson,Comeback,2.7,0,2,4.7,Justin Jefferson,Comeback,13.0,0.36153846153846153
MIN,Justin Jefferson,Corner,13.400000000000002,6,5,24.4,Justin Jefferson,Corner,56.0,0.43571428571428567
MIN,Justin Jefferson,Curl,15.700000000000001,6,14,35.7,Justin Jefferson,Curl,63.0,0.5666666666666668
MIN,Justin Jefferson,Dig,21.5,0,11,32.5,Justin Jefferson,Dig,62.0,0.5241935483870968
MIN,Justin Jefferson,Out,14.100000000000001,0,12,26.100000000000005,Justin Jefferson,Out,57.0,0.45789473684210535
MIN,Justin Jefferson,Post,4.9,0,2,6.9,Justin Jefferson,Post,26.0,0.2653846153846154
MIN,Justin Jefferson,Slant,13.5,0,9,22.500000000000004,Justin Jefferson,Slant,50.0,0.45000000000000007
GB,Juwann Winfree,Out,2.4000000000000004,0,3,5.4,Juwann Winfree,Out,9.0,0.6000000000000001
MIN,K.J. Osborn,Comeback,0.0,0,0,0.0,K.J. Osborn,Comeback,6.0,0.0
MIN,K.J. Osborn,Corner,12.900000000000002,12,4,28.9,K.J. Osborn,Corner,34.0,0.85
MIN,K.J. Osborn,Curl,6.6,0,8,14.6,K.J. Osborn,Curl,68.0,0.21470588235294116
MIN,K.J. Osborn,Dig,1.3,0,1,2.3,K.J. Osborn,Dig,41.0,0.05609756097560975
MIN,K.J. Osborn,Out,1.1,0,1,2.1,K.J. Osborn,Out,25.0,0.084
MIN,K.J. Osborn,Post,3.0,0,1,4.0,K.J. Osborn,Post,25.0,0.16
MIN,K.J. Osborn,Slant,10.4,12,11,33.400000000000006,K.J. Osborn,Slant,40.0,0.8350000000000002
NYG,Kadarius Toney,Curl,4.1000000000000005,0,5,9.1,Kadarius Toney,Curl,26.0,0.35
NYG,Kadarius Toney,Dig,6.2,0,5,11.2,Kadarius Toney,Dig,16.0,0.7
NYG,Kadarius Toney,Out,4.8,0,6,10.800000000000002,Kadarius Toney,Out,14.0,0.7714285714285716
NYG,Kadarius Toney,Slant,4.4,0,4,8.4,Kadarius Toney,Slant,19.0,0.4421052631578948
DET,Kalif Raymond,Comeback,0.0,0,0,0.0,Kalif Raymond,Comeback,4.0,0.0
DET,Kalif Raymond,Curl,7.8,0,7,14.8,Kalif Raymond,Curl,57.0,0.2596491228070176
DET,Kalif Raymond,Dig,9.600000000000001,0,6,15.600000000000001,Kalif Raymond,Dig,25.0,0.6240000000000001
DET,Kalif Raymond,Out,3.0,0,5,8.0,Kalif Raymond,Out,43.0,0.18604651162790697
DET,Kalif Raymond,Post,0.0,0,0,0.0,Kalif Raymond,Post,29.0,0.0
DET,Kalif Raymond,Slant,1.7000000000000002,0,1,2.7,Kalif Raymond,Slant,9.0,0.30000000000000004
CLE,Kareem Hunt,Out,1.5,0,3,4.5,Kareem Hunt,Out,11.0,0.4090909090909091
LV,Keelan Cole,Corner,5.200000000000001,0,2,7.200000000000001,Keelan Cole,Corner,25.0,0.28800000000000003
LV,Keelan Cole,Curl,4.4,0,5,9.4,Keelan Cole,Curl,38.0,0.2473684210526316
LV,Keelan Cole,Dig,7.500000000000001,0,6,13.500000000000002,Keelan Cole,Dig,50.0,0.27
LV,Keelan Cole,Out,4.7,0,3,7.700000000000001,Keelan Cole,Out,19.0,0.4052631578947369
LV,Keelan Cole,Post,2.1,0,1,3.1,Keelan Cole,Post,20.0,0.155
LV,Keelan Cole,Slant,9.2,6,6,21.2,Keelan Cole,Slant,20.0,1.06
LAC,Keenan Allen,Comeback,1.3000000000000003,0,2,3.3000000000000003,Keenan Allen,Comeback,8.0,0.41250000000000003
LAC,Keenan Allen,Corner,12.9,0,5,17.9,Keenan Allen,Corner,23.0,0.7782608695652173
LAC,Keenan Allen,Curl,17.000000000000004,12,20,49.0,Keenan Allen,Curl,114.0,0.4298245614035088
LAC,Keenan Allen,Dig,9.100000000000001,0,5,14.099999999999998,Keenan Allen,Dig,54.0,0.26111111111111107
LAC,Keenan Allen,Out,22.099999999999998,0,21,43.1,Keenan Allen,Out,73.0,0.5904109589041097
LAC,Keenan Allen,Post,4.8,0,2,6.8,Keenan Allen,Post,23.0,0.2956521739130435
LAC,Keenan Allen,Slant,8.600000000000001,6,8,22.6,Keenan Allen,Slant,48.0,0.4708333333333334
ATL,Keith Smith,Dig,0.9,0,1,1.9,Keith Smith,Dig,2.0,0.95
IND,Keke Coutee,Post,0.0,0,0,0.0,Keke Coutee,Post,1.0,0.0
DEN,Kendall Hinton,Corner,2.3000000000000003,0,1,3.3000000000000003,Kendall Hinton,Corner,2.0,1.6500000000000001
DEN,Kendall Hinton,Curl,4.6000000000000005,0,5,9.600000000000001,Kendall Hinton,Curl,27.0,0.3555555555555556
DEN,Kendall Hinton,Dig,4.0,0,1,5.0,Kendall Hinton,Dig,24.0,0.20833333333333334
DEN,Kendall Hinton,Post,0.0,0,0,0.0,Kendall Hinton,Post,5.0,0.0
DEN,Kendall Hinton,Slant,0.8,0,1,1.8,Kendall Hinton,Slant,10.0,0.18
NE,Kendrick Bourne,Comeback,5.6000000000000005,0,5,10.6,Kendrick Bourne,Comeback,8.0,1.325
NE,Kendrick Bourne,Corner,5.4,18,4,27.4,Kendrick Bourne,Corner,3.0,9.133333333333333
NE,Kendrick Bourne,Curl,5.5,0,7,12.5,Kendrick Bourne,Curl,38.0,0.32894736842105265
NE,Kendrick Bourne,Dig,9.4,0,7,16.400000000000002,Kendrick Bourne,Dig,74.0,0.22162162162162166
NE,Kendrick Bourne,Out,5.6000000000000005,0,7,12.6,Kendrick Bourne,Out,29.0,0.43448275862068964
NE,Kendrick Bourne,Slant,11.200000000000001,0,5,16.2,Kendrick Bourne,Slant,24.0,0.6749999999999999
PHI,Kenneth Gainwell,Curl,2.7,0,3,5.7,Kenneth Gainwell,Curl,18.0,0.31666666666666665
PHI,Kenneth Gainwell,Out,4.4,0,5,9.4,Kenneth Gainwell,Out,12.0,0.7833333333333333
PHI,Kenneth Gainwell,Slant,0.0,0,0,0.0,Kenneth Gainwell,Slant,3.0,0.0
NYG,Kenny Golladay,Comeback,1.4000000000000001,0,1,2.4000000000000004,Kenny Golladay,Comeback,5.0,0.4800000000000001
NYG,Kenny Golladay,Corner,0.0,0,0,0.0,Kenny Golladay,Corner,17.0,0.0
NYG,Kenny Golladay,Curl,10.299999999999999,0,9,19.3,Kenny Golladay,Curl,49.0,0.39387755102040817
NYG,Kenny Golladay,Dig,7.8,0,4,11.8,Kenny Golladay,Dig,40.0,0.29500000000000004
NYG,Kenny Golladay,Out,8.5,0,7,15.5,Kenny Golladay,Out,32.0,0.484375
NYG,Kenny Golladay,Post,1.7000000000000002,0,1,2.7,Kenny Golladay,Post,27.0,0.1
NYG,Kenny Golladay,Slant,14.900000000000002,0,10,24.900000000000002,Kenny Golladay,Slant,44.0,0.5659090909090909
LV,Kenyan Drake,Curl,6.1,0,7,13.1,Kenyan Drake,Curl,40.0,0.3275
LV,Kenyan Drake,Out,1.6,0,2,3.6,Kenyan Drake,Out,8.0,0.45
ATL,KhaDarel Hodge,Dig,1.3,0,1,2.3,KhaDarel Hodge,Dig,15.0,0.15333333333333332
ATL,KhaDarel Hodge,Post,1.7000000000000002,0,1,2.7,KhaDarel Hodge,Post,15.0,0.18000000000000002
ATL,KhaDarel Hodge,Slant,1.7000000000000002,0,2,3.6999999999999997,KhaDarel Hodge,Slant,7.0,0.5285714285714286
NE,Kristian Wilkerson,Corner,0.0,0,0,0.0,Kristian Wilkerson,Corner,1.0,0.0
SF,Kyle Juszczyk,Corner,0.0,0,0,0.0,Kyle Juszczyk,Corner,2.0,0.0
SF,Kyle Juszczyk,Dig,4.4,0,5,9.4,Kyle Juszczyk,Dig,13.0,0.7230769230769231
SF,Kyle Juszczyk,Out,3.8000000000000003,0,4,7.800000000000001,Kyle Juszczyk,Out,9.0,0.8666666666666667
SF,Kyle Juszczyk,Post,2.6,0,1,3.6,Kyle Juszczyk,Post,2.0,1.8
ATL,Kyle Pitts,Corner,5.8,0,3,8.8,Kyle Pitts,Corner,27.0,0.32592592592592595
ATL,Kyle Pitts,Curl,8.6,0,10,18.6,Kyle Pitts,Curl,55.0,0.3381818181818182
ATL,Kyle Pitts,Dig,8.200000000000001,0,6,14.200000000000001,Kyle Pitts,Dig,46.0,0.3086956521739131
ATL,Kyle Pitts,Out,5.700000000000001,6,7,18.700000000000003,Kyle Pitts,Out,64.0,0.29218750000000004
ATL,Kyle Pitts,Post,8.0,0,3,11.0,Kyle Pitts,Post,26.0,0.4230769230769231
ATL,Kyle Pitts,Slant,23.6,0,15,38.6,Kyle Pitts,Slant,62.0,0.6225806451612903
IND,Kylen Granson,Slant,1.5,0,1,2.5,Kylen Granson,Slant,3.0,0.8333333333333334
JAX,Laquon Treadwell,Curl,9.1,0,10,19.1,Laquon Treadwell,Curl,48.0,0.3979166666666667
JAX,Laquon Treadwell,Dig,7.2,0,4,11.2,Laquon Treadwell,Dig,47.0,0.23829787234042552
JAX,Laquon Treadwell,Out,1.9000000000000001,0,2,3.9000000000000004,Laquon Treadwell,Out,12.0,0.325
JAX,Laquon Treadwell,Post,1.6,0,1,2.6,Laquon Treadwell,Post,8.0,0.325
JAX,Laquon Treadwell,Slant,6.300000000000002,0,5,11.3,Laquon Treadwell,Slant,14.0,0.8071428571428572
TB,Leonard Fournette,Curl,12.9,0,17,29.900000000000002,Leonard Fournette,Curl,82.0,0.36463414634146346
TB,Leonard Fournette,Out,2.1,0,4,6.1,Leonard Fournette,Out,38.0,0.16052631578947368
TB,Leonard Fournette,Slant,1.0,0,2,3.0,Leonard Fournette,Slant,3.0,1.0
WAS,Logan Thomas,Corner,3.5,0,1,4.5,Logan Thomas,Corner,13.0,0.34615384615384615
WAS,Logan Thomas,Curl,4.6,0,4,8.6,Logan Thomas,Curl,21.0,0.4095238095238095
WAS,Logan Thomas,Out,4.000000000000001,6,5,15.000000000000002,Logan Thomas,Out,12.0,1.2500000000000002
LV,Mack Hollins,Comeback,0.0,0,0,0.0,Mack Hollins,Comeback,1.0,0.0
LV,Mack Hollins,Curl,3.0,0,4,7.0,Mack Hollins,Curl,30.0,0.23333333333333334
LV,Mack Hollins,Dig,4.0,0,2,6.0,Mack Hollins,Dig,51.0,0.11764705882352941
LV,Mack Hollins,Post,0.0,0,0,0.0,Mack Hollins,Post,11.0,0.0
LV,Mack Hollins,Slant,3.2,6,3,12.2,Mack Hollins,Slant,14.0,0.8714285714285713
SF,Malik Turner,Corner,0.5,6,1,7.5,Malik Turner,Corner,4.0,1.875
SF,Malik Turner,Dig,1.6,0,2,3.6,Malik Turner,Dig,9.0,0.4
SF,Malik Turner,Post,0.0,0,0,0.0,Malik Turner,Post,3.0,0.0
SF,Marcus Johnson,Dig,3.2,0,2,5.2,Marcus Johnson,Dig,14.0,0.37142857142857144
BAL,Mark Andrews,Comeback,0.8,0,1,1.8,Mark Andrews,Comeback,1.0,1.8
BAL,Mark Andrews,Corner,4.6,6,2,12.6,Mark Andrews,Corner,21.0,0.6
BAL,Mark Andrews,Curl,22.5,0,20,42.5,Mark Andrews,Curl,152.0,0.27960526315789475
BAL,Mark Andrews,Dig,2.9,0,3,5.9,Mark Andrews,Dig,40.0,0.14750000000000002
BAL,Mark Andrews,Out,16.200000000000003,0,21,37.19999999999999,Mark Andrews,Out,66.0,0.5636363636363635
BAL,Mark Andrews,Post,2.3000000000000003,0,1,3.3000000000000003,Mark Andrews,Post,7.0,0.4714285714285715
BAL,Mark Andrews,Slant,9.9,0,6,15.899999999999999,Mark Andrews,Slant,17.0,0.9352941176470587
NO,Marquez Callaway,Comeback,1.4000000000000001,0,1,2.4000000000000004,Marquez Callaway,Comeback,13.0,0.18461538461538465
NO,Marquez Callaway,Corner,2.7,6,2,10.7,Marquez Callaway,Corner,24.0,0.4458333333333333
NO,Marquez Callaway,Curl,10.600000000000001,0,11,21.599999999999998,Marquez Callaway,Curl,46.0,0.4695652173913043
NO,Marquez Callaway,Dig,6.6000000000000005,0,5,11.600000000000001,Marquez Callaway,Dig,44.0,0.26363636363636367
NO,Marquez Callaway,Out,5.000000000000001,0,5,10.0,Marquez Callaway,Out,37.0,0.2702702702702703
NO,Marquez Callaway,Post,9.100000000000001,0,2,11.100000000000001,Marquez Callaway,Post,32.0,0.34687500000000004
NO,Marquez Callaway,Slant,4.6,6,6,16.6,Marquez Callaway,Slant,30.0,0.5533333333333333
KC,Marquez Valdes-Scantling,Corner,11.0,6,4,21.0,Marquez Valdes-Scantling,Corner,16.0,1.3125
KC,Marquez Valdes-Scantling,Dig,4.1,0,2,6.1,Marquez Valdes-Scantling,Dig,25.0,0.244
KC,Marquez Valdes-Scantling,Out,3.0000000000000004,0,6,9.0,Marquez Valdes-Scantling,Out,25.0,0.36
KC,Marquez Valdes-Scantling,Post,12.2,6,2,20.2,Marquez Valdes-Scantling,Post,14.0,1.4428571428571428
KC,Marquez Valdes-Scantling,Slant,1.1,6,1,8.1,Marquez Valdes-Scantling,Slant,21.0,0.3857142857142857
ARI,Marquise Brown,Comeback,0.4,0,1,1.4,Marquise Brown,Comeback,12.0,0.11666666666666665
ARI,Marquise Brown,Corner,0.0,0,0,0.0,Marquise Brown,Corner,18.0,0.0
ARI,Marquise Brown,Curl,28.100000000000005,0,31,59.10000000000001,Marquise Brown,Curl,131.0,0.451145038167939
ARI,Marquise Brown,Dig,8.0,0,4,12.0,Marquise Brown,Dig,46.0,0.2608695652173913
ARI,Marquise Brown,Out,5.9,6,10,21.900000000000002,Marquise Brown,Out,52.0,0.4211538461538462
ARI,Marquise Brown,Post,8.100000000000001,6,2,16.1,Marquise Brown,Post,37.0,0.4351351351351352
ARI,Marquise Brown,Slant,8.6,0,7,15.6,Marquise Brown,Slant,36.0,0.43333333333333335
SEA,Marquise Goodwin,Comeback,0.0,0,0,0.0,Marquise Goodwin,Comeback,7.0,0.0
SEA,Marquise Goodwin,Corner,5.0,0,1,6.0,Marquise Goodwin,Corner,2.0,3.0
SEA,Marquise Goodwin,Curl,8.4,0,7,15.4,Marquise Goodwin,Curl,51.0,0.30196078431372547
SEA,Marquise Goodwin,Dig,2.2,0,1,3.2,Marquise Goodwin,Dig,18.0,0.17777777777777778
SEA,Marquise Goodwin,Out,5.5,0,6,11.5,Marquise Goodwin,Out,20.0,0.575
SEA,Marquise Goodwin,Slant,2.7,0,2,4.7,Marquise Goodwin,Slant,24.0,0.19583333333333333
KC,Mecole Hardman,Corner,9.400000000000002,0,2,11.400000000000002,Mecole Hardman,Corner,19.0,0.6000000000000001
KC,Mecole Hardman,Curl,11.399999999999999,0,16,27.400000000000006,Mecole Hardman,Curl,74.0,0.3702702702702704
KC,Mecole Hardman,Dig,0.5,0,1,1.5,Mecole Hardman,Dig,26.0,0.057692307692307696
KC,Mecole Hardman,Out,1.2000000000000002,0,2,3.2,Mecole Hardman,Out,21.0,0.1523809523809524
KC,Mecole Hardman,Post,0.0,0,0,0.0,Mecole Hardman,Post,40.0,0.0
KC,Mecole Hardman,Slant,3.3000000000000003,0,2,5.300000000000001,Mecole Hardman,Slant,17.0,0.311764705882353
NYJ,Michael Carter,Curl,1.6,0,2,3.6,Michael Carter,Curl,24.0,0.15
NYJ,Michael Carter,Out,1.9000000000000004,0,3,4.9,Michael Carter,Out,16.0,0.30625
NYJ,Michael Carter,Slant,0.9,0,1,1.9,Michael Carter,Slant,2.0,0.95
DAL,Michael Gallup,Comeback,2.0,0,2,4.0,Michael Gallup,Comeback,15.0,0.26666666666666666
DAL,Michael Gallup,Corner,0.0,0,0,0.0,Michael Gallup,Corner,8.0,0.0
DAL,Michael Gallup,Curl,8.300000000000002,0,9,17.3,Michael Gallup,Curl,49.0,0.35306122448979593
DAL,Michael Gallup,Dig,5.1000000000000005,0,3,8.100000000000001,Michael Gallup,Dig,25.0,0.32400000000000007
DAL,Michael Gallup,Out,0.4,0,1,1.4,Michael Gallup,Out,19.0,0.07368421052631578
DAL,Michael Gallup,Post,1.7000000000000002,0,1,2.7,Michael Gallup,Post,15.0,0.18000000000000002
DAL,Michael Gallup,Slant,5.0,0,5,10.0,Michael Gallup,Slant,29.0,0.3448275862068966
IND,Michael Pittman Jr.,Comeback,0.7000000000000001,0,1,1.7000000000000002,Michael Pittman Jr.,Comeback,6.0,0.2833333333333334
IND,Michael Pittman Jr.,Corner,10.0,6,4,19.999999999999996,Michael Pittman Jr.,Corner,28.0,0.7142857142857142
IND,Michael Pittman Jr.,Curl,19.000000000000007,0,19,38.0,Michael Pittman Jr.,Curl,114.0,0.3333333333333333
IND,Michael Pittman Jr.,Dig,11.200000000000001,6,11,28.199999999999996,Michael Pittman Jr.,Dig,70.0,0.4028571428571428
IND,Michael Pittman Jr.,Out,11.2,0,10,21.2,Michael Pittman Jr.,Out,26.0,0.8153846153846154
IND,Michael Pittman Jr.,Post,6.5,0,2,8.5,Michael Pittman Jr.,Post,31.0,0.27419354838709675
IND,Michael Pittman Jr.,Slant,10.200000000000003,12,11,33.199999999999996,Michael Pittman Jr.,Slant,34.0,0.976470588235294
BAL,Mike Davis,Curl,5.4,0,7,12.399999999999999,Mike Davis,Curl,39.0,0.31794871794871793
BAL,Mike Davis,Dig,0.0,0,0,0.0,Mike Davis,Dig,3.0,0.0
TB,Mike Evans,Comeback,5.4,0,3,8.4,Mike Evans,Comeback,7.0,1.2
TB,Mike Evans,Corner,9.100000000000001,12,4,25.1,Mike Evans,Corner,29.0,0.8655172413793104
TB,Mike Evans,Curl,18.400000000000002,6,19,43.4,Mike Evans,Curl,85.0,0.5105882352941177
TB,Mike Evans,Dig,8.4,0,5,13.400000000000002,Mike Evans,Dig,75.0,0.1786666666666667
TB,Mike Evans,Out,13.4,6,14,33.400000000000006,Mike Evans,Out,35.0,0.9542857142857144
TB,Mike Evans,Post,2.1,0,1,3.1,Mike Evans,Post,58.0,0.05344827586206897
TB,Mike Evans,Slant,12.5,12,8,32.5,Mike Evans,Slant,34.0,0.9558823529411765
MIA,Mike Gesicki,Corner,0.0,0,0,0.0,Mike Gesicki,Corner,37.0,0.0
MIA,Mike Gesicki,Curl,4.6,0,8,12.600000000000001,Mike Gesicki,Curl,52.0,0.24230769230769234
MIA,Mike Gesicki,Dig,2.7,0,3,5.699999999999999,Mike Gesicki,Dig,56.0,0.10178571428571427
MIA,Mike Gesicki,Out,15.700000000000001,0,17,32.7,Mike Gesicki,Out,74.0,0.44189189189189193
MIA,Mike Gesicki,Post,0.0,0,0,0.0,Mike Gesicki,Post,25.0,0.0
MIA,Mike Gesicki,Slant,13.700000000000003,0,12,25.7,Mike Gesicki,Slant,48.0,0.5354166666666667
CIN,Mike Thomas,Comeback,1.6,0,1,2.6,Mike Thomas,Comeback,1.0,2.6
CIN,Mike Thomas,Dig,1.2000000000000002,0,1,2.2,Mike Thomas,Dig,8.0,0.275
CIN,Mike Thomas,Slant,3.6000000000000005,0,2,5.6000000000000005,Mike Thomas,Slant,6.0,0.9333333333333335
LAC,Mike Williams,Comeback,0.7000000000000001,0,1,1.7000000000000002,Mike Williams,Comeback,7.0,0.24285714285714288
LAC,Mike Williams,Corner,2.0,0,1,3.0,Mike Williams,Corner,30.0,0.1
LAC,Mike Williams,Curl,18.6,6,20,44.599999999999994,Mike Williams,Curl,91.0,0.49010989010989003
LAC,Mike Williams,Dig,10.0,0,4,14.0,Mike Williams,Dig,62.0,0.22580645161290322
LAC,Mike Williams,Out,6.9,0,9,15.900000000000002,Mike Williams,Out,31.0,0.5129032258064516
LAC,Mike Williams,Post,22.0,12,5,38.99999999999999,Mike Williams,Post,20.0,1.9499999999999997
LAC,Mike Williams,Slant,6.6,0,8,14.6,Mike Williams,Slant,52.0,0.28076923076923077
IND,Mo Alie-Cox,Corner,8.0,12,4,24.0,Mo Alie-Cox,Corner,26.0,0.9230769230769231
IND,Mo Alie-Cox,Curl,5.1000000000000005,0,5,10.1,Mo Alie-Cox,Curl,29.0,0.3482758620689655
IND,Mo Alie-Cox,Dig,1.8,0,1,2.8,Mo Alie-Cox,Dig,20.0,0.13999999999999999
NE,N'Keal Harry,Comeback,1.5,0,1,2.5,N'Keal Harry,Comeback,6.0,0.4166666666666667
NE,N'Keal Harry,Dig,2.4,0,2,4.4,N'Keal Harry,Dig,27.0,0.16296296296296298
NE,N'Keal Harry,Post,4.3,0,1,5.3,N'Keal Harry,Post,9.0,0.5888888888888889
NE,N'Keal Harry,Slant,0.9,0,1,1.9,N'Keal Harry,Slant,9.0,0.2111111111111111
PIT,Najee Harris,Curl,2.1,0,6,8.100000000000001,Najee Harris,Curl,37.0,0.21891891891891896
PIT,Najee Harris,Dig,1.8000000000000003,0,4,5.800000000000001,Najee Harris,Dig,22.0,0.26363636363636367
PIT,Najee Harris,Out,7.9,12,12,31.900000000000002,Najee Harris,Out,57.0,0.5596491228070176
PIT,Najee Harris,Slant,0.7000000000000001,0,1,1.7000000000000002,Najee Harris,Slant,3.0,0.5666666666666668
NE,Nelson Agholor,Comeback,1.9,0,2,3.9,Nelson Agholor,Comeback,7.0,0.5571428571428572
NE,Nelson Agholor,Corner,0.0,0,0,0.0,Nelson Agholor,Corner,14.0,0.0
NE,Nelson Agholor,Curl,10.900000000000002,6,12,28.900000000000002,Nelson Agholor,Curl,52.0,0.5557692307692308
NE,Nelson Agholor,Dig,2.7,0,3,5.7,Nelson Agholor,Dig,52.0,0.10961538461538461
NE,Nelson Agholor,Out,6.5,0,7,13.5,Nelson Agholor,Out,25.0,0.54
NE,Nelson Agholor,Post,4.4,0,1,5.4,Nelson Agholor,Post,28.0,0.19285714285714287
NE,Nelson Agholor,Slant,5.7,0,3,8.7,Nelson Agholor,Slant,35.0,0.24857142857142855
TEN,Nick Westbrook-Ikhine,Comeback,1.4000000000000001,0,1,2.4000000000000004,Nick Westbrook-Ikhine,Comeback,8.0,0.30000000000000004
TEN,Nick Westbrook-Ikhine,Corner,0.0,0,0,0.0,Nick Westbrook-Ikhine,Corner,17.0,0.0
TEN,Nick Westbrook-Ikhine,Curl,9.3,0,8,17.3,Nick Westbrook-Ikhine,Curl,44.0,0.3931818181818182
TEN,Nick Westbrook-Ikhine,Dig,2.0,0,2,4.0,Nick Westbrook-Ikhine,Dig,14.0,0.2857142857142857
TEN,Nick Westbrook-Ikhine,Out,2.9000000000000004,0,3,5.9,Nick Westbrook-Ikhine,Out,31.0,0.1903225806451613
TEN,Nick Westbrook-Ikhine,Post,4.6000000000000005,0,1,5.6000000000000005,Nick Westbrook-Ikhine,Post,9.0,0.6222222222222222
TEN,Nick Westbrook-Ikhine,Slant,10.700000000000001,12,9,31.700000000000003,Nick Westbrook-Ikhine,Slant,29.0,1.0931034482758621
HOU,Nico Collins,Comeback,0.9,0,1,1.9,Nico Collins,Comeback,10.0,0.19
HOU,Nico Collins,Corner,3.8,0,2,5.8,Nico Collins,Corner,23.0,0.25217391304347825
HOU,Nico Collins,Curl,5.300000000000001,0,6,11.3,Nico Collins,Curl,35.0,0.3228571428571429
HOU,Nico Collins,Dig,7.3,0,3,10.3,Nico Collins,Dig,82.0,0.12560975609756098
HOU,Nico Collins,Out,4.4,0,5,9.4,Nico Collins,Out,26.0,0.36153846153846153
HOU,Nico Collins,Post,1.8,0,1,2.8,Nico Collins,Post,16.0,0.175
HOU,Nico Collins,Slant,8.9,6,6,20.9,Nico Collins,Slant,25.0,0.836
DAL,Noah Brown,Curl,4.7,0,3,7.7,Noah Brown,Curl,22.0,0.35000000000000003
DAL,Noah Brown,Dig,1.4,0,2,3.4,Noah Brown,Dig,13.0,0.26153846153846155
DAL,Noah Brown,Out,1.2000000000000002,0,2,3.2,Noah Brown,Out,10.0,0.32
DAL,Noah Brown,Post,2.2,0,1,3.2,Noah Brown,Post,4.0,0.8
DAL,Noah Brown,Slant,2.6,0,3,5.6,Noah Brown,Slant,11.0,0.509090909090909
SEA,Noah Fant,Corner,0.4,6,1,7.4,Noah Fant,Corner,32.0,0.23125
SEA,Noah Fant,Curl,6.1000000000000005,0,8,14.1,Noah Fant,Curl,82.0,0.1719512195121951
SEA,Noah Fant,Dig,2.9000000000000004,0,2,4.9,Noah Fant,Dig,25.0,0.196
SEA,Noah Fant,Out,6.6000000000000005,12,9,27.6,Noah Fant,Out,45.0,0.6133333333333334
SEA,Noah Fant,Slant,4.0,0,3,7.0,Noah Fant,Slant,6.0,1.1666666666666667
KC,Noah Gray,Slant,0.0,0,0,0.0,Noah Gray,Slant,3.0,0.0
IND,Nyheim Hines,Curl,4.0,0,5,9.0,Nyheim Hines,Curl,36.0,0.25
IND,Nyheim Hines,Dig,1.0,0,1,2.0,Nyheim Hines,Dig,5.0,0.4
IND,Nyheim Hines,Out,1.3000000000000003,0,2,3.3000000000000003,Nyheim Hines,Out,6.0,0.55
ATL,Olamide Zaccheaus,Corner,6.4,6,3,15.4,Olamide Zaccheaus,Corner,28.0,0.55
ATL,Olamide Zaccheaus,Curl,7.3999999999999995,6,7,20.400000000000002,Olamide Zaccheaus,Curl,58.0,0.3517241379310345
ATL,Olamide Zaccheaus,Dig,3.5,0,4,7.5,Olamide Zaccheaus,Dig,31.0,0.24193548387096775
ATL,Olamide Zaccheaus,Out,4.3,0,4,8.3,Olamide Zaccheaus,Out,32.0,0.259375
ATL,Olamide Zaccheaus,Post,6.300000000000001,0,2,8.3,Olamide Zaccheaus,Post,22.0,0.3772727272727273
ATL,Olamide Zaccheaus,Slant,3.0,0,2,5.0,Olamide Zaccheaus,Slant,25.0,0.2
IND,Parris Campbell,Comeback,2.7,0,2,4.7,Parris Campbell,Comeback,8.0,0.5875
IND,Parris Campbell,Corner,5.1000000000000005,6,1,12.100000000000001,Parris Campbell,Corner,4.0,3.0250000000000004
IND,Parris Campbell,Out,3.5000000000000004,0,2,5.5,Parris Campbell,Out,4.0,1.375
IND,Parris Campbell,Slant,1.5,0,2,3.5,Parris Campbell,Slant,4.0,0.875
PIT,Pat Freiermuth,Corner,0.0,0,0,0.0,Pat Freiermuth,Corner,19.0,0.0
PIT,Pat Freiermuth,Curl,14.6,0,15,29.6,Pat Freiermuth,Curl,67.0,0.4417910447761194
PIT,Pat Freiermuth,Dig,2.0,0,3,5.0,Pat Freiermuth,Dig,27.0,0.18518518518518517
PIT,Pat Freiermuth,Out,11.200000000000001,6,11,28.200000000000003,Pat Freiermuth,Out,53.0,0.5320754716981133
PIT,Pat Freiermuth,Post,0.0,0,0,0.0,Pat Freiermuth,Post,9.0,0.0
PIT,Pat Freiermuth,Slant,3.7,0,3,6.700000000000001,Pat Freiermuth,Slant,6.0,1.116666666666667
HOU,Pharaoh Brown,Corner,0.0,0,0,0.0,Pharaoh Brown,Corner,14.0,0.0
HOU,Pharaoh Brown,Out,1.7000000000000002,0,3,4.7,Pharaoh Brown,Out,21.0,0.22380952380952382
HOU,Phillip Dorsett,Comeback,0.0,0,0,0.0,Phillip Dorsett,Comeback,1.0,0.0
HOU,Phillip Dorsett,Corner,3.3000000000000003,0,1,4.300000000000001,Phillip Dorsett,Corner,4.0,1.0750000000000002
HOU,Phillip Dorsett,Out,1.9000000000000004,0,2,3.9000000000000004,Phillip Dorsett,Out,7.0,0.5571428571428572
MIA,Preston Williams,Curl,4.6000000000000005,0,4,8.600000000000001,Preston Williams,Curl,21.0,0.40952380952380957
MIA,Preston Williams,Slant,0.0,0,0,0.0,Preston Williams,Slant,5.0,0.0
PHI,Quez Watkins,Corner,4.1000000000000005,0,1,5.1000000000000005,Quez Watkins,Corner,19.0,0.26842105263157895
PHI,Quez Watkins,Curl,3.5,0,4,7.5,Quez Watkins,Curl,28.0,0.26785714285714285
PHI,Quez Watkins,Out,7.800000000000001,0,5,12.8,Quez Watkins,Out,19.0,0.6736842105263158
PHI,Quez Watkins,Post,8.8,0,2,10.8,Quez Watkins,Post,31.0,0.34838709677419355
DET,Quintez Cephus,Comeback,0.0,0,0,0.0,Quintez Cephus,Comeback,1.0,0.0
DET,Quintez Cephus,Corner,0.5,6,1,7.5,Quintez Cephus,Corner,8.0,0.9375
DET,Quintez Cephus,Out,2.4000000000000004,0,3,5.4,Quintez Cephus,Out,6.0,0.9
TEN,Racey McMath,Corner,0.0,0,0,0.0,Racey McMath,Corner,1.0,0.0
TEN,Racey McMath,Slant,0.0,0,0,0.0,Racey McMath,Slant,2.0,0.0
GB,Randall Cobb,Corner,0.2,6,1,7.2,Randall Cobb,Corner,11.0,0.6545454545454545
GB,Randall Cobb,Dig,5.300000000000001,6,3,14.3,Randall Cobb,Dig,18.0,0.7944444444444445
GB,Randall Cobb,Out,1.6,0,2,3.6,Randall Cobb,Out,23.0,0.1565217391304348
GB,Randall Cobb,Post,5.7,0,2,7.7,Randall Cobb,Post,15.0,0.5133333333333333
GB,Randall Cobb,Slant,4.8,6,5,15.8,Randall Cobb,Slant,17.0,0.9294117647058824
CAR,Rashard Higgins,Corner,1.7000000000000002,0,1,2.7,Rashard Higgins,Corner,13.0,0.2076923076923077
CAR,Rashard Higgins,Curl,3.2,0,4,7.2,Rashard Higgins,Curl,31.0,0.23225806451612904
CAR,Rashard Higgins,Dig,4.6,0,3,7.6,Rashard Higgins,Dig,23.0,0.33043478260869563
CAR,Rashard Higgins,Out,8.000000000000002,6,7,21.000000000000004,Rashard Higgins,Out,40.0,0.5250000000000001
CAR,Rashard Higgins,Post,5.800000000000001,0,4,9.8,Rashard Higgins,Post,21.0,0.4666666666666667
CAR,Rashard Higgins,Slant,1.3,0,1,2.3,Rashard Higgins,Slant,18.0,0.12777777777777777
BAL,Rashod Bateman,Corner,0.0,0,0,0.0,Rashod Bateman,Corner,8.0,0.0
BAL,Rashod Bateman,Curl,15.100000000000001,0,19,34.099999999999994,Rashod Bateman,Curl,94.0,0.36276595744680845
BAL,Rashod Bateman,Dig,2.7,0,3,5.699999999999999,Rashod Bateman,Dig,44.0,0.12954545454545452
BAL,Rashod Bateman,Out,5.4,0,6,11.4,Rashod Bateman,Out,39.0,0.2923076923076923
BAL,Rashod Bateman,Slant,7.000000000000002,6,7,20.0,Rashod Bateman,Slant,44.0,0.45454545454545453
HOU,Rex Burkhead,Curl,3.0,0,4,7.0,Rex Burkhead,Curl,35.0,0.2
NYG,Ricky Seals-Jones,Out,6.5,0,5,11.5,Ricky Seals-Jones,Out,41.0,0.2804878048780488
NYG,Ricky Seals-Jones,Slant,0.9,0,1,1.9,Ricky Seals-Jones,Slant,4.0,0.475
GB,Robert Tonyan,Corner,2.0,6,1,9.0,Robert Tonyan,Corner,4.0,2.25
GB,Robert Tonyan,Post,0.0,0,0,0.0,Robert Tonyan,Post,6.0,0.0
TEN,Robert Woods,Curl,11.100000000000001,6,10,27.099999999999998,Robert Woods,Curl,54.0,0.5018518518518518
TEN,Robert Woods,Dig,10.3,6,6,22.299999999999997,Robert Woods,Dig,28.0,0.7964285714285714
TEN,Robert Woods,Out,6.300000000000001,6,6,18.3,Robert Woods,Out,36.0,0.5083333333333333
TEN,Robert Woods,Post,9.5,0,5,14.5,Robert Woods,Post,23.0,0.6304347826086957
TEN,Robert Woods,Slant,1.8,0,1,2.8,Robert Woods,Slant,12.0,0.2333333333333333
ARI,Rondale Moore,Curl,4.300000000000001,0,6,10.299999999999999,Rondale Moore,Curl,27.0,0.3814814814814814
ARI,Rondale Moore,Slant,0.6000000000000001,0,1,1.6,Rondale Moore,Slant,3.0,0.5333333333333333
TB,Russell Gage,Corner,2.6,0,1,3.6,Russell Gage,Corner,24.0,0.15
TB,Russell Gage,Curl,8.0,0,9,17.0,Russell Gage,Curl,71.0,0.23943661971830985
TB,Russell Gage,Dig,7.4,0,5,12.4,Russell Gage,Dig,54.0,0.22962962962962963
TB,Russell Gage,Out,5.800000000000001,0,7,12.800000000000002,Russell Gage,Out,49.0,0.2612244897959184
TB,Russell Gage,Post,10.3,6,4,20.3,Russell Gage,Post,22.0,0.9227272727272727
TB,Russell Gage,Slant,11.0,6,11,27.999999999999996,Russell Gage,Slant,34.0,0.8235294117647057
CHI,Ryan Griffin,Corner,0.1,6,1,7.1,Ryan Griffin,Corner,12.0,0.5916666666666667
CHI,Ryan Griffin,Curl,1.7000000000000002,0,2,3.7,Ryan Griffin,Curl,40.0,0.0925
CIN,Samaje Perine,Curl,4.3,0,5,9.299999999999999,Samaje Perine,Curl,36.0,0.2583333333333333
CIN,Samaje Perine,Out,3.6000000000000005,0,2,5.6,Samaje Perine,Out,5.0,1.1199999999999999
GB,Sammy Watkins,Comeback,0.8,0,1,1.8,Sammy Watkins,Comeback,6.0,0.3
GB,Sammy Watkins,Curl,4.5,0,4,8.5,Sammy Watkins,Curl,45.0,0.18888888888888888
GB,Sammy Watkins,Dig,2.8000000000000003,0,1,3.8000000000000003,Sammy Watkins,Dig,22.0,0.17272727272727273
GB,Sammy Watkins,Out,2.7,0,4,6.7,Sammy Watkins,Out,22.0,0.30454545454545456
GB,Sammy Watkins,Post,0.0,0,0,0.0,Sammy Watkins,Post,21.0,0.0
GB,Sammy Watkins,Slant,7.3,0,6,13.3,Sammy Watkins,Slant,25.0,0.532
NYG,Saquon Barkley,Curl,0.30000000000000004,0,1,1.3,Saquon Barkley,Curl,26.0,0.05
NYG,Saquon Barkley,Slant,0.0,0,0,0.0,Saquon Barkley,Slant,5.0,0.0
TB,Scotty Miller,Comeback,3.2,0,2,5.2,Scotty Miller,Comeback,3.0,1.7333333333333334
TB,Scotty Miller,Slant,1.4,0,2,3.4,Scotty Miller,Slant,4.0,0.85
BUF,Stefon Diggs,Comeback,6.100000000000001,6,6,18.1,Stefon Diggs,Comeback,14.0,1.292857142857143
BUF,Stefon Diggs,Corner,0.0,0,0,0.0,Stefon Diggs,Corner,12.0,0.0
BUF,Stefon Diggs,Curl,28.200000000000003,0,34,62.20000000000001,Stefon Diggs,Curl,183.0,0.3398907103825137
BUF,Stefon Diggs,Dig,8.100000000000001,6,7,21.1,Stefon Diggs,Dig,46.0,0.45869565217391306
BUF,Stefon Diggs,Out,7.300000000000001,0,9,16.300000000000004,Stefon Diggs,Out,40.0,0.4075000000000001
BUF,Stefon Diggs,Post,4.300000000000001,6,2,12.3,Stefon Diggs,Post,18.0,0.6833333333333333
BUF,Stefon Diggs,Slant,10.4,6,11,27.400000000000002,Stefon Diggs,Slant,39.0,0.7025641025641026
NYG,Sterling Shepard,Comeback,1.3,0,1,2.3,Sterling Shepard,Comeback,2.0,1.15
NYG,Sterling Shepard,Curl,9.000000000000002,0,12,21.000000000000004,Sterling Shepard,Curl,40.0,0.5250000000000001
NYG,Sterling Shepard,Dig,1.7000000000000002,0,1,2.7,Sterling Shepard,Dig,30.0,0.09000000000000001
NYG,Sterling Shepard,Out,5.8,0,6,11.8,Sterling Shepard,Out,21.0,0.5619047619047619
NYG,Sterling Shepard,Post,3.6,0,2,5.6,Sterling Shepard,Post,15.0,0.3733333333333333
NYG,Sterling Shepard,Slant,3.3000000000000007,0,4,7.300000000000001,Sterling Shepard,Slant,18.0,0.4055555555555556
DET,T.J. Hockenson,Corner,2.6,6,2,10.6,T.J. Hockenson,Corner,24.0,0.44166666666666665
DET,T.J. Hockenson,Curl,9.600000000000001,0,12,21.599999999999998,T.J. Hockenson,Curl,66.0,0.3272727272727272
DET,T.J. Hockenson,Dig,0.0,0,0,0.0,T.J. Hockenson,Dig,25.0,0.0
DET,T.J. Hockenson,Out,10.600000000000001,6,11,27.6,T.J. Hockenson,Out,59.0,0.46779661016949153
DET,T.J. Hockenson,Slant,4.2,6,3,13.200000000000001,T.J. Hockenson,Slant,9.0,1.4666666666666668
NYJ,Tarik Black,Slant,0.0,0,0,0.0,Tarik Black,Slant,1.0,0.0
BUF,Tavon Austin,Comeback,0.0,0,0,0.0,Tavon Austin,Comeback,1.0,0.0
BUF,Tavon Austin,Curl,6.4,0,6,12.400000000000002,Tavon Austin,Curl,24.0,0.5166666666666667
BUF,Tavon Austin,Out,3.9000000000000004,0,3,6.9,Tavon Austin,Out,21.0,0.32857142857142857
BUF,Tavon Austin,Post,0.7000000000000001,6,1,7.7,Tavon Austin,Post,12.0,0.6416666666666667
BUF,Tavon Austin,Slant,0.0,0,0,0.0,Tavon Austin,Slant,9.0,0.0
NO,Taysom Hill,Dig,0.0,0,0,0.0,Taysom Hill,Dig,3.0,0.0
CIN,Tee Higgins,Comeback,7.3,0,4,11.3,Tee Higgins,Comeback,11.0,1.0272727272727273
CIN,Tee Higgins,Corner,7.700000000000001,6,3,16.700000000000003,Tee Higgins,Corner,19.0,0.8789473684210528
CIN,Tee Higgins,Curl,12.100000000000001,6,13,31.1,Tee Higgins,Curl,53.0,0.5867924528301887
CIN,Tee Higgins,Dig,28.100000000000005,0,19,47.1,Tee Higgins,Dig,65.0,0.7246153846153847
CIN,Tee Higgins,Out,20.099999999999998,0,17,37.1,Tee Higgins,Out,49.0,0.7571428571428571
CIN,Tee Higgins,Post,2.5,0,1,3.5,Tee Higgins,Post,10.0,0.35
CIN,Tee Higgins,Slant,15.300000000000002,6,14,35.3,Tee Higgins,Slant,57.0,0.619298245614035
CAR,Terrace Marshall Jr.,Corner,0.0,0,0,0.0,Terrace Marshall Jr.,Corner,16.0,0.0
CAR,Terrace Marshall Jr.,Dig,3.1000000000000005,0,2,5.1000000000000005,Terrace Marshall Jr.,Dig,31.0,0.16451612903225807
CAR,Terrace Marshall Jr.,Out,2.2,0,3,5.2,Terrace Marshall Jr.,Out,21.0,0.24761904761904763
CAR,Terrace Marshall Jr.,Slant,2.2,0,2,4.2,Terrace Marshall Jr.,Slant,22.0,0.19090909090909092
WAS,Terry McLaurin,Comeback,1.2000000000000002,0,1,2.2,Terry McLaurin,Comeback,11.0,0.2
WAS,Terry McLaurin,Curl,7.1000000000000005,0,8,15.1,Terry McLaurin,Curl,55.0,0.27454545454545454
WAS,Terry McLaurin,Dig,6.9,0,4,10.9,Terry McLaurin,Dig,49.0,0.22244897959183674
WAS,Terry McLaurin,Out,12.4,0,10,22.400000000000002,Terry McLaurin,Out,44.0,0.5090909090909091
WAS,Terry McLaurin,Post,3.8000000000000003,0,2,5.800000000000001,Terry McLaurin,Post,42.0,0.1380952380952381
WAS,Terry McLaurin,Slant,16.3,12,13,41.3,Terry McLaurin,Slant,42.0,0.9833333333333333
DEN,Tim Patrick,Comeback,1.9000000000000001,0,1,2.9000000000000004,Tim Patrick,Comeback,3.0,0.9666666666666668
DEN,Tim Patrick,Corner,0.0,0,0,0.0,Tim Patrick,Corner,27.0,0.0
DEN,Tim Patrick,Curl,13.8,0,13,26.8,Tim Patrick,Curl,87.0,0.3080459770114943
DEN,Tim Patrick,Dig,6.1000000000000005,0,4,10.100000000000001,Tim Patrick,Dig,73.0,0.13835616438356166
DEN,Tim Patrick,Out,9.5,6,9,24.5,Tim Patrick,Out,47.0,0.5212765957446809
DEN,Tim Patrick,Post,3.7,0,2,5.700000000000001,Tim Patrick,Post,21.0,0.27142857142857146
DEN,Tim Patrick,Slant,6.1,0,5,11.100000000000001,Tim Patrick,Slant,18.0,0.6166666666666667
DET,Tom Kennedy,Dig,3.3000000000000003,0,3,6.300000000000001,Tom Kennedy,Dig,9.0,0.7000000000000001
CAR,Tommy Tremble,Corner,0.0,0,0,0.0,Tommy Tremble,Corner,19.0,0.0
CAR,Tommy Tremble,Dig,0.0,0,0,0.0,Tommy Tremble,Dig,17.0,0.0
CAR,Tommy Tremble,Out,0.7000000000000001,0,1,1.7000000000000002,Tommy Tremble,Out,27.0,0.06296296296296297
CAR,Tommy Tremble,Post,0.0,0,0,0.0,Tommy Tremble,Post,9.0,0.0
CAR,Tommy Tremble,Slant,0.0,0,0,0.0,Tommy Tremble,Slant,9.0,0.0
DAL,Tony Pollard,Dig,0.0,0,0,0.0,Tony Pollard,Dig,7.0,0.0
DAL,Tony Pollard,Out,2.8000000000000003,0,3,5.8,Tony Pollard,Out,10.0,0.58
KC,Travis Kelce,Corner,9.600000000000001,0,2,11.600000000000001,Travis Kelce,Corner,10.0,1.1600000000000001
KC,Travis Kelce,Curl,17.299999999999997,6,21,44.29999999999999,Travis Kelce,Curl,151.0,0.29337748344370856
KC,Travis Kelce,Dig,13.2,0,8,21.200000000000003,Travis Kelce,Dig,59.0,0.35932203389830514
KC,Travis Kelce,Out,26.3,6,21,53.300000000000004,Travis Kelce,Out,72.0,0.7402777777777778
KC,Travis Kelce,Post,2.4000000000000004,0,1,3.4000000000000004,Travis Kelce,Post,5.0,0.68
KC,Travis Kelce,Slant,10.000000000000002,0,8,18.0,Travis Kelce,Slant,38.0,0.47368421052631576
NO,Tre'Quan Smith,Corner,2.7,12,2,16.7,Tre'Quan Smith,Corner,24.0,0.6958333333333333
NO,Tre'Quan Smith,Curl,4.7,0,6,10.700000000000001,Tre'Quan Smith,Curl,37.0,0.28918918918918923
NO,Tre'Quan Smith,Dig,4.800000000000001,0,2,6.800000000000001,Tre'Quan Smith,Dig,31.0,0.21935483870967745
NO,Tre'Quan Smith,Out,6.2,0,6,12.2,Tre'Quan Smith,Out,26.0,0.46923076923076923
NO,Tre'Quan Smith,Post,2.2,0,1,3.2,Tre'Quan Smith,Post,18.0,0.17777777777777778
NO,Tre'Quan Smith,Slant,4.4,0,4,8.4,Tre'Quan Smith,Slant,19.0,0.4421052631578948
MIA,Trent Sherfield,Dig,1.3,0,1,2.3,Trent Sherfield,Dig,9.0,0.25555555555555554
MIA,Trent Sherfield,Slant,1.4,0,2,3.4,Trent Sherfield,Slant,6.0,0.5666666666666667
DET,Trinity Benson,Comeback,0.0,0,0,0.0,Trinity Benson,Comeback,4.0,0.0
DET,Trinity Benson,Curl,2.4000000000000004,0,4,6.4,Trinity Benson,Curl,20.0,0.32
BAL,Tylan Wallace,Slant,1.8,0,1,2.8,Tylan Wallace,Slant,7.0,0.39999999999999997
CIN,Tyler Boyd,Corner,3.7,0,2,5.7,Tyler Boyd,Corner,28.0,0.20357142857142857
CIN,Tyler Boyd,Curl,9.8,0,14,23.8,Tyler Boyd,Curl,80.0,0.2975
CIN,Tyler Boyd,Dig,8.700000000000001,0,8,16.7,Tyler Boyd,Dig,56.0,0.2982142857142857
CIN,Tyler Boyd,Out,9.900000000000002,6,12,27.9,Tyler Boyd,Out,46.0,0.6065217391304347
CIN,Tyler Boyd,Post,1.6,0,1,2.6,Tyler Boyd,Post,16.0,0.1625
CIN,Tyler Boyd,Slant,12.699999999999998,0,9,21.7,Tyler Boyd,Slant,36.0,0.6027777777777777
NYJ,Tyler Conklin,Corner,1.6,0,1,2.6,Tyler Conklin,Corner,29.0,0.0896551724137931
NYJ,Tyler Conklin,Curl,4.000000000000001,0,4,8.0,Tyler Conklin,Curl,57.0,0.14035087719298245
NYJ,Tyler Conklin,Dig,8.3,6,9,23.300000000000004,Tyler Conklin,Dig,36.0,0.6472222222222224
NYJ,Tyler Conklin,Out,2.7000000000000006,6,4,12.7,Tyler Conklin,Out,46.0,0.2760869565217391
NYJ,Tyler Conklin,Post,0.0,0,0,0.0,Tyler Conklin,Post,10.0,0.0
NYJ,Tyler Conklin,Slant,3.2,0,2,5.2,Tyler Conklin,Slant,22.0,0.23636363636363636
LAR,Tyler Higbee,Corner,9.1,6,4,19.1,Tyler Higbee,Corner,22.0,0.8681818181818183
LAR,Tyler Higbee,Curl,7.9,6,8,21.9,Tyler Higbee,Curl,69.0,0.3173913043478261
LAR,Tyler Higbee,Dig,7.000000000000001,0,5,12.0,Tyler Higbee,Dig,25.0,0.48
LAR,Tyler Higbee,Out,5.0,0,8,13.0,Tyler Higbee,Out,49.0,0.2653061224489796
LAR,Tyler Higbee,Post,1.5,0,1,2.5,Tyler Higbee,Post,10.0,0.25
LAR,Tyler Higbee,Slant,5.4,0,6,11.4,Tyler Higbee,Slant,17.0,0.6705882352941177
TB,Tyler Johnson,Comeback,5.0,0,3,7.999999999999999,Tyler Johnson,Comeback,5.0,1.5999999999999999
TB,Tyler Johnson,Corner,0.0,0,0,0.0,Tyler Johnson,Corner,8.0,0.0
TB,Tyler Johnson,Curl,6.1000000000000005,0,6,12.099999999999998,Tyler Johnson,Curl,53.0,0.22830188679245278
TB,Tyler Johnson,Dig,1.8,0,2,3.8,Tyler Johnson,Dig,46.0,0.08260869565217391
TB,Tyler Johnson,Out,1.4,0,2,3.4,Tyler Johnson,Out,24.0,0.14166666666666666
TB,Tyler Johnson,Slant,3.3,0,4,7.3,Tyler Johnson,Slant,17.0,0.4294117647058823
SEA,Tyler Lockett,Comeback,5.300000000000001,6,4,15.3,Tyler Lockett,Comeback,7.0,2.185714285714286
SEA,Tyler Lockett,Corner,13.400000000000002,12,4,29.400000000000002,Tyler Lockett,Corner,33.0,0.890909090909091
SEA,Tyler Lockett,Curl,9.8,0,12,21.8,Tyler Lockett,Curl,79.0,0.2759493670886076
SEA,Tyler Lockett,Out,11.9,0,15,26.900000000000002,Tyler Lockett,Out,61.0,0.44098360655737706
SEA,Tyler Lockett,Post,3.9000000000000004,0,1,4.9,Tyler Lockett,Post,12.0,0.4083333333333334
MIA,Tyreek Hill,Comeback,0.5,0,1,1.5,Tyreek Hill,Comeback,2.0,0.75
MIA,Tyreek Hill,Corner,7.200000000000001,0,3,10.200000000000001,Tyreek Hill,Corner,32.0,0.31875000000000003
MIA,Tyreek Hill,Curl,28.3,0,24,52.29999999999999,Tyreek Hill,Curl,107.0,0.4887850467289719
MIA,Tyreek Hill,Dig,9.6,6,5,20.6,Tyreek Hill,Dig,25.0,0.8240000000000001
MIA,Tyreek Hill,Out,17.1,6,19,42.1,Tyreek Hill,Out,64.0,0.6578125
MIA,Tyreek Hill,Post,4.9,0,2,6.9,Tyreek Hill,Post,35.0,0.19714285714285715
MIA,Tyreek Hill,Slant,9.400000000000002,12,8,29.4,Tyreek Hill,Slant,39.0,0.7538461538461538
LAR,Van Jefferson,Comeback,1.5,0,1,2.5,Van Jefferson,Comeback,9.0,0.2777777777777778
LAR,Van Jefferson,Corner,0.0,0,0,0.0,Van Jefferson,Corner,37.0,0.0
LAR,Van Jefferson,Curl,10.3,0,11,21.3,Van Jefferson,Curl,72.0,0.29583333333333334
LAR,Van Jefferson,Dig,3.9000000000000004,6,4,13.900000000000002,Van Jefferson,Dig,57.0,0.24385964912280705
LAR,Van Jefferson,Out,7.300000000000001,0,8,15.299999999999999,Van Jefferson,Out,47.0,0.325531914893617
LAR,Van Jefferson,Post,42.800000000000004,18,10,70.8,Van Jefferson,Post,37.0,1.9135135135135135
LAR,Van Jefferson,Slant,0.0,0,0,0.0,Van Jefferson,Slant,21.0,0.0
TB,Vyncint Smith,Corner,0.0,0,0,0.0,Vyncint Smith,Corner,2.0,0.0
SEA,Will Dissly,Corner,2.2,0,1,3.2,Will Dissly,Corner,11.0,0.29090909090909095
SEA,Will Dissly,Out,3.8,0,4,7.8,Will Dissly,Out,21.0,0.37142857142857144
ARI,Zach Ertz,Corner,3.8000000000000003,0,2,5.800000000000001,Zach Ertz,Corner,31.0,0.18709677419354842
ARI,Zach Ertz,Curl,11.000000000000002,0,12,23.000000000000004,Zach Ertz,Curl,85.0,0.2705882352941177
ARI,Zach Ertz,Dig,6.2,0,5,11.2,Zach Ertz,Dig,56.0,0.19999999999999998
ARI,Zach Ertz,Out,8.900000000000002,0,9,17.900000000000002,Zach Ertz,Out,43.0,0.4162790697674419
ARI,Zach Ertz,Post,4.7,6,1,11.7,Zach Ertz,Post,7.0,1.6714285714285713
ARI,Zach Ertz,Slant,4.5,0,4,8.5,Zach Ertz,Slant,14.0,0.6071428571428571
PIT,Zach Gentry,Dig,3.0000000000000004,0,2,5.0,Zach Gentry,Dig,15.0,0.3333333333333333
PHI,Zach Pascal,Comeback,0.0,0,0,0.0,Zach Pascal,Comeback,3.0,0.0
PHI,Zach Pascal,Corner,1.5,0,1,2.5,Zach Pascal,Corner,27.0,0.09259259259259259
PHI,Zach Pascal,Curl,5.300000000000001,0,6,11.300000000000002,Zach Pascal,Curl,79.0,0.14303797468354434
PHI,Zach Pascal,Dig,1.6,0,1,2.6,Zach Pascal,Dig,47.0,0.055319148936170216
PHI,Zach Pascal,Out,1.6,0,2,3.6,Zach Pascal,Out,19.0,0.18947368421052632
PHI,Zach Pascal,Post,1.9000000000000001,12,2,15.899999999999999,Zach Pascal,Post,33.0,0.48181818181818176
PHI,Zach Pascal,Slant,0.9,0,1,1.9,Zach Pascal,Slant,15.0,0.12666666666666665
JAX,Zay Jones,Corner,1.7000000000000002,0,1,2.7,Zay Jones,Corner,22.0,0.12272727272727274
JAX,Zay Jones,Curl,9.100000000000001,0,10,19.1,Zay Jones,Curl,44.0,0.43409090909090914
JAX,Zay Jones,Dig,4.1,0,2,6.1,Zay Jones,Dig,29.0,0.21034482758620687
JAX,Zay Jones,Out,9.7,0,13,22.7,Zay Jones,Out,36.0,0.6305555555555555
JAX,Zay Jones,Post,9.0,6,4,19.0,Zay Jones,Post,39.0,0.48717948717948717
JAX,Zay Jones,Slant,2.4000000000000004,0,2,4.4,Zay Jones,Slant,18.0,0.24444444444444446
